,Region,LAD code,Region name,1997,1998,1999,2000,2001,2002,2003,2004,2005,2006,2007,2008,2009,2010,2011,2012,2013,2014,2015,2016,2017,2018,2019
0,North East,E06000001,Hartlepool,8398.0,8439.0,8944.0,9361.0,9695.0,10028.0,10167.0,10412.0,10947.0,11520.0,11880.0,12260.0,12686.0,13059.0,13411.0,13858.0,13944.0,14393.0,14849.0,14919.0,15195.0,15527.0,15962.0
1,North East,E06000004,Stockton-on-Tees,9756.0,9637.0,10131.0,10647.0,11056.0,11385.0,11699.0,12321.0,12783.0,13146.0,13460.0,13761.0,14165.0,14393.0,14809.0,15219.0,15287.0,15761.0,16147.0,16303.0,16594.0,17070.0,17519.0
2,North East,E06000002,Middlesbrough,8654.0,8298.0,8847.0,9347.0,9757.0,9800.0,9959.0,10420.0,10860.0,11333.0,11471.0,11745.0,12501.0,12573.0,12859.0,13630.0,13788.0,14353.0,14792.0,14753.0,14929.0,15464.0,15835.0
3,North East,E06000003,Redcar and Cleveland,9363.0,9067.0,9477.0,10178.0,10604.0,10698.0,10929.0,11330.0,11735.0,12171.0,12399.0,12648.0,13246.0,13377.0,13665.0,14467.0,14678.0,15247.0,15651.0,15705.0,15895.0,16424.0,16882.0
4,North East,E06000005,Darlington,9638.0,9516.0,9722.0,10611.0,11397.0,11490.0,11785.0,12108.0,12359.0,12556.0,13210.0,13217.0,13824.0,13879.0,13799.0,14374.0,14810.0,15016.0,15704.0,16276.0,16925.0,17306.0,17391.0
5,North East,E06000047,County Durham,9254.0,9429.0,9831.0,10396.0,10741.0,10907.0,11098.0,11674.0,11934.0,12265.0,12544.0,12788.0,13185.0,13603.0,13758.0,14209.0,14522.0,14926.0,15496.0,15549.0,15798.0,16315.0,16617.0
6,North East,E06000057,Northumberland,10299.0,10405.0,10954.0,11704.0,12103.0,12336.0,12864.0,13282.0,13568.0,14370.0,14712.0,15602.0,16514.0,16511.0,16673.0,17273.0,17705.0,18000.0,18699.0,19047.0,19374.0,19846.0,20216.0
7,North East,E08000021,Newcastle upon Tyne,9209.0,9498.0,9711.0,10364.0,10853.0,11162.0,11509.0,11982.0,11911.0,12312.0,12629.0,12832.0,13266.0,13573.0,13680.0,14288.0,14382.0,14667.0,15290.0,15320.0,15426.0,16057.0,16473.0
8,North East,E08000022,North Tyneside,10248.0,10467.0,10604.0,11122.0,11411.0,11666.0,11970.0,12666.0,12691.0,13027.0,13417.0,13529.0,14050.0,14430.0,14604.0,15332.0,15593.0,15977.0,16778.0,16848.0,17140.0,17703.0,18246.0
9,North East,E08000023,South Tyneside,8435.0,8552.0,8676.0,9149.0,9487.0,9637.0,9980.0,10559.0,10773.0,11181.0,11626.0,11802.0,12408.0,12784.0,12978.0,13658.0,13950.0,14310.0,14999.0,15046.0,15218.0,15766.0,15915.0
10,North East,E08000037,Gateshead,8953.0,9192.0,9324.0,9890.0,10403.0,10676.0,10930.0,11399.0,11564.0,11884.0,12228.0,12369.0,12973.0,13267.0,13466.0,14171.0,14538.0,14740.0,15367.0,15387.0,15652.0,16033.0,16477.0
11,North East,E08000024,Sunderland,8549.0,8496.0,8961.0,9619.0,9933.0,10234.0,10481.0,10828.0,11272.0,11598.0,12045.0,12221.0,12603.0,12944.0,13255.0,13840.0,14214.0,14323.0,14771.0,15156.0,15481.0,15669.0,16011.0
14,Northern Ireland,N09000003,Belfast,9872.0,9956.0,10280.0,10871.0,11085.0,11563.0,11636.0,11979.0,12255.0,12723.0,12860.0,13467.0,13730.0,13879.0,14085.0,14356.0,14897.0,15054.0,15383.0,15457.0,15717.0,16459.0,16974.0
15,Northern Ireland,N09000002,"Armagh City, Banbridge and Craigavon",8569.0,8616.0,8953.0,9262.0,9515.0,10098.0,10555.0,11277.0,11891.0,12606.0,13044.0,13197.0,13184.0,13505.0,13811.0,13824.0,14539.0,15293.0,15757.0,15569.0,15810.0,16320.0,16649.0
16,Northern Ireland,N09000010,"Newry, Mourne and Down",8412.0,8490.0,8811.0,9286.0,9423.0,9967.0,10523.0,11143.0,11976.0,12607.0,12817.0,12974.0,12998.0,13178.0,13662.0,13783.0,14269.0,14649.0,14777.0,15160.0,15556.0,16250.0,16728.0
17,Northern Ireland,N09000011,Ards and North Down,9526.0,9540.0,9888.0,10526.0,10765.0,11410.0,11774.0,12252.0,12843.0,13388.0,13871.0,14299.0,14406.0,14639.0,15053.0,15394.0,16055.0,16294.0,16766.0,17251.0,17882.0,18464.0,18925.0
18,Northern Ireland,N09000005,Derry City and Strabane,7016.0,7015.0,7373.0,7747.0,8114.0,8881.0,9468.0,10173.0,11089.0,11565.0,11704.0,11711.0,11907.0,12323.0,12709.0,13007.0,13443.0,13850.0,14001.0,14265.0,14553.0,14936.0,15331.0
19,Northern Ireland,N09000009,Mid Ulster,7711.0,7754.0,8138.0,8594.0,8728.0,9177.0,9943.0,10771.0,11473.0,12001.0,12203.0,12122.0,12111.0,12345.0,12784.0,12894.0,13382.0,14050.0,14664.0,15204.0,16084.0,16719.0,17164.0
20,Northern Ireland,N09000004,Causeway Coast and Glens,7059.0,7024.0,7377.0,7844.0,8339.0,9106.0,9602.0,10195.0,11148.0,11657.0,11733.0,11644.0,12005.0,12444.0,13060.0,13253.0,13704.0,14181.0,15329.0,15884.0,16352.0,16819.0,17219.0
21,Northern Ireland,N09000001,Antrim and Newtownabbey,9320.0,9314.0,9684.0,10474.0,10625.0,11231.0,11629.0,12196.0,12676.0,13140.0,13721.0,14096.0,14156.0,14262.0,14731.0,15128.0,15709.0,16197.0,16514.0,16367.0,16807.0,17303.0,17723.0
22,Northern Ireland,N09000007,Lisburn and Castlereagh,9394.0,9370.0,9782.0,10691.0,10920.0,11505.0,11978.0,12523.0,13098.0,13481.0,14057.0,14411.0,14464.0,14629.0,14912.0,15455.0,16178.0,16581.0,17878.0,18300.0,18610.0,19401.0,19774.0
23,Northern Ireland,N09000008,Mid and East Antrim,9241.0,9279.0,9598.0,10326.0,10304.0,10921.0,11392.0,11987.0,12527.0,13128.0,13613.0,13976.0,14078.0,14253.0,14610.0,15025.0,15607.0,16248.0,16929.0,17049.0,17291.0,17950.0,18496.0
24,Northern Ireland,N09000006,Fermanagh and Omagh,7640.0,7689.0,8089.0,8412.0,8659.0,9111.0,9911.0,10744.0,11540.0,12116.0,12281.0,12270.0,12311.0,12545.0,12937.0,13135.0,13385.0,13703.0,14633.0,15054.0,15433.0,15880.0,16403.0
27,Scotland,S12000033,Aberdeen City,10206.0,10396.0,10420.0,11207.0,11824.0,12344.0,12682.0,13717.0,14731.0,15538.0,16513.0,17316.0,17748.0,18118.0,18992.0,19710.0,20832.0,21286.0,21291.0,20388.0,20444.0,21140.0,21349.0
28,Scotland,S12000034,Aberdeenshire,11917.0,12084.0,11938.0,12817.0,13354.0,13785.0,13913.0,14751.0,15850.0,16513.0,17636.0,18568.0,18777.0,19255.0,20216.0,20922.0,22114.0,22558.0,22670.0,21432.0,21433.0,22116.0,22853.0
29,Scotland,S12000017,Highland,9636.0,9816.0,10075.0,10620.0,11152.0,11665.0,11854.0,12239.0,12639.0,13693.0,14241.0,15732.0,15960.0,16316.0,16353.0,17077.0,17707.0,17892.0,18579.0,18749.0,18992.0,19494.0,20049.0
30,Scotland,S12000020,Moray,7954.0,8088.0,8396.0,8754.0,9129.0,9438.0,9540.0,9822.0,10050.0,11069.0,12071.0,14235.0,14433.0,14838.0,14696.0,15499.0,15925.0,16244.0,16850.0,16977.0,17412.0,18662.0,19319.0
31,Scotland,S12000021,North Ayrshire,8324.0,8409.0,8535.0,9286.0,9878.0,10433.0,10716.0,11347.0,11712.0,12095.0,12861.0,13158.0,13396.0,13989.0,14118.0,14404.0,15088.0,15440.0,15903.0,15875.0,16073.0,16651.0,17473.0
32,Scotland,S12000035,Argyll and Bute,8493.0,8680.0,8923.0,9899.0,10323.0,10973.0,11192.0,11683.0,12451.0,13183.0,13930.0,14898.0,15373.0,15837.0,15828.0,16539.0,16573.0,16786.0,17625.0,18021.0,18281.0,19317.0,20314.0
33,Scotland,S12000013,Na h-Eileanan Siar,8653.0,8889.0,8913.0,9361.0,9954.0,10531.0,10795.0,11194.0,11819.0,11511.0,12705.0,13279.0,13699.0,14226.0,14442.0,14660.0,14892.0,15407.0,16713.0,16601.0,16898.0,18031.0,19318.0
34,Scotland,S12000023,Orkney Islands,7936.0,8601.0,9240.0,8936.0,9465.0,9788.0,9905.0,10961.0,11259.0,12263.0,13696.0,14633.0,15513.0,16214.0,17039.0,17608.0,17845.0,17836.0,17900.0,18093.0,18185.0,18956.0,19831.0
35,Scotland,S12000027,Shetland Islands,9338.0,9151.0,9455.0,10677.0,10537.0,10638.0,11060.0,11898.0,12412.0,13310.0,13815.0,15149.0,16684.0,16878.0,16833.0,17415.0,18140.0,19272.0,20226.0,20333.0,20028.0,20207.0,20960.0
36,Scotland,S12000041,Angus,10950.0,11059.0,11307.0,12286.0,12858.0,13383.0,13478.0,13826.0,13965.0,14312.0,15249.0,16209.0,15912.0,15910.0,16256.0,16716.0,17395.0,17990.0,18525.0,18607.0,18524.0,19339.0,19818.0
37,Scotland,S12000042,Dundee City,8238.0,8435.0,8867.0,9497.0,10086.0,10606.0,10765.0,11224.0,11277.0,11753.0,12495.0,13351.0,13505.0,13392.0,13754.0,14080.0,14794.0,15077.0,15429.0,15510.0,15642.0,16126.0,16597.0
38,Scotland,S12000005,Clackmannanshire,8850.0,9171.0,9542.0,10184.0,10571.0,11133.0,11492.0,12159.0,12430.0,12506.0,13459.0,13835.0,14196.0,14408.0,14625.0,15223.0,15895.0,16329.0,16882.0,17116.0,17466.0,18105.0,18560.0
39,Scotland,S12000047,Fife,9134.0,9478.0,9813.0,10453.0,10803.0,11337.0,11687.0,12224.0,12535.0,12601.0,13610.0,14305.0,14498.0,14786.0,15025.0,15487.0,16097.0,16398.0,17103.0,17357.0,17690.0,18093.0,18518.0
40,Scotland,S12000010,East Lothian,11031.0,11313.0,11802.0,12431.0,12589.0,12880.0,13805.0,14859.0,15550.0,15949.0,16702.0,17239.0,17144.0,17955.0,18353.0,18689.0,19527.0,20161.0,20798.0,20722.0,20932.0,21511.0,22494.0
41,Scotland,S12000019,Midlothian,9020.0,9234.0,9828.0,10291.0,10538.0,10911.0,11943.0,12780.0,13421.0,13987.0,14544.0,15275.0,15703.0,16370.0,16739.0,17089.0,18106.0,18450.0,18876.0,18969.0,18970.0,19722.0,21094.0
42,Scotland,S12000036,City of Edinburgh,12180.0,12592.0,13230.0,14053.0,14685.0,15304.0,15671.0,16198.0,16795.0,17641.0,18075.0,18458.0,18519.0,18701.0,19354.0,20096.0,20326.0,20605.0,21357.0,21684.0,22058.0,22933.0,23580.0
43,Scotland,S12000014,Falkirk,8796.0,8978.0,9621.0,10060.0,10642.0,11061.0,11535.0,12020.0,12480.0,13144.0,13928.0,14463.0,14274.0,14218.0,14788.0,15443.0,15819.0,15894.0,16352.0,16803.0,17400.0,18304.0,18793.0
44,Scotland,S12000048,Perth and Kinross,11154.0,11379.0,11410.0,12135.0,12832.0,12859.0,13397.0,14591.0,15014.0,16061.0,16607.0,16691.0,16712.0,16880.0,17821.0,18196.0,18689.0,18863.0,19487.0,19603.0,19922.0,20709.0,21504.0
45,Scotland,S12000030,Stirling,11591.0,11785.0,11745.0,12401.0,13107.0,13032.0,13613.0,15011.0,15328.0,16266.0,16989.0,17407.0,17402.0,17530.0,18425.0,18897.0,19251.0,19510.0,19950.0,20052.0,20315.0,20845.0,21345.0
46,Scotland,S12000040,West Lothian,8491.0,8811.0,9477.0,10492.0,11033.0,11592.0,12078.0,12395.0,12592.0,13259.0,14527.0,14504.0,14201.0,14576.0,14851.0,15288.0,15807.0,16331.0,16816.0,17158.0,17621.0,18242.0,18694.0
47,Scotland,S12000039,West Dunbartonshire,7217.0,7484.0,8625.0,9222.0,9573.0,9940.0,10270.0,10555.0,10907.0,11535.0,11822.0,12490.0,13085.0,13585.0,13854.0,14407.0,14673.0,14776.0,15426.0,15613.0,16393.0,17146.0,17937.0
48,Scotland,S12000045,East Dunbartonshire,11309.0,11609.0,12804.0,13946.0,14261.0,14920.0,15100.0,15635.0,16474.0,17183.0,17946.0,18815.0,18673.0,18909.0,19352.0,19784.0,20112.0,20409.0,21473.0,21858.0,22469.0,23400.0,24004.0
49,Scotland,S12000049,Glasgow City,9050.0,9229.0,9718.0,10432.0,10826.0,11305.0,11721.0,12028.0,12244.0,12782.0,13557.0,13811.0,13977.0,13956.0,14098.0,14484.0,14689.0,15113.0,15542.0,15781.0,15865.0,16150.0,16345.0
50,Scotland,S12000011,East Renfrewshire,13978.0,14124.0,14463.0,15462.0,15927.0,16111.0,16285.0,16980.0,17604.0,18173.0,18947.0,19888.0,19538.0,19506.0,19532.0,20076.0,20918.0,21334.0,22415.0,22359.0,22419.0,23168.0,23685.0
51,Scotland,S12000038,Renfrewshire,9672.0,9847.0,10355.0,11146.0,11862.0,11993.0,12275.0,12510.0,13032.0,13621.0,14205.0,14877.0,15197.0,15197.0,15356.0,15788.0,16418.0,16698.0,17631.0,17645.0,17929.0,18601.0,19259.0
52,Scotland,S12000018,Inverclyde,8557.0,8737.0,9160.0,9879.0,10487.0,10661.0,10939.0,11292.0,11769.0,12258.0,12794.0,13471.0,13749.0,14000.0,14194.0,14686.0,15176.0,15502.0,16468.0,16458.0,16711.0,17412.0,17982.0
53,Scotland,S12000050,North Lanarkshire,8804.0,8990.0,9341.0,10025.0,10430.0,10822.0,11103.0,11486.0,11963.0,12146.0,12964.0,13521.0,13570.0,13747.0,14006.0,14370.0,14841.0,15515.0,15926.0,16280.0,16436.0,16967.0,17391.0
54,Scotland,S12000026,Scottish Borders,9588.0,9961.0,10179.0,10954.0,11320.0,11776.0,12657.0,13382.0,13923.0,14525.0,15146.0,15793.0,16036.0,16522.0,16831.0,16814.0,17525.0,18395.0,18872.0,19156.0,19365.0,19671.0,20421.0
55,Scotland,S12000006,Dumfries and Galloway,9368.0,9570.0,9752.0,10269.0,10534.0,11017.0,11409.0,11991.0,12146.0,12783.0,13590.0,14388.0,14881.0,15145.0,15326.0,15859.0,16257.0,16615.0,17284.0,17675.0,17748.0,18135.0,18806.0
56,Scotland,S12000008,East Ayrshire,8576.0,8644.0,8825.0,9601.0,10216.0,10807.0,11143.0,11765.0,12190.0,12623.0,13418.0,13615.0,13749.0,14305.0,14498.0,14769.0,15457.0,15729.0,16205.0,16335.0,16530.0,17215.0,17306.0
57,Scotland,S12000028,South Ayrshire,9609.0,9787.0,10212.0,10774.0,11403.0,11881.0,12561.0,13259.0,13600.0,14343.0,14715.0,15423.0,15668.0,16212.0,16637.0,17240.0,17709.0,17979.0,18373.0,18464.0,18474.0,18995.0,19428.0
58,Scotland,S12000029,South Lanarkshire,9724.0,10011.0,10408.0,11080.0,11276.0,12042.0,12124.0,12787.0,13446.0,13716.0,14480.0,14966.0,15033.0,15457.0,15807.0,16225.0,16509.0,16711.0,17501.0,17587.0,18034.0,18852.0,19360.0
61,Wales,W06000001,Isle of Anglesey,9659.0,9940.0,10150.0,10667.0,10809.0,11089.0,11621.0,12318.0,12491.0,12570.0,13141.0,13950.0,14212.0,14509.0,14872.0,15358.0,15740.0,15983.0,16478.0,16476.0,16731.0,17392.0,17529.0
62,Wales,W06000002,Gwynedd,8901.0,8952.0,9437.0,9830.0,10385.0,10830.0,11053.0,11687.0,12110.0,12723.0,12938.0,13082.0,13306.0,13472.0,13628.0,13997.0,14247.0,14681.0,15158.0,15134.0,15298.0,15741.0,15941.0
63,Wales,W06000003,Conwy,10741.0,10812.0,11113.0,11687.0,12046.0,12468.0,12876.0,13284.0,13976.0,14006.0,14321.0,14933.0,14766.0,15063.0,15484.0,15994.0,16158.0,16533.0,16903.0,16826.0,17189.0,17904.0,18189.0
64,Wales,W06000004,Denbighshire,9943.0,9913.0,10107.0,10597.0,10966.0,11452.0,11733.0,12251.0,12861.0,13085.0,13369.0,14105.0,14050.0,14332.0,14869.0,15379.0,15479.0,15782.0,16304.0,16230.0,16528.0,17628.0,17901.0
65,Wales,W06000008,Ceredigion,8868.0,8955.0,8958.0,9120.0,9577.0,9994.0,10588.0,10875.0,11353.0,12271.0,12443.0,13119.0,13317.0,13664.0,14014.0,14286.0,14502.0,14913.0,15383.0,15551.0,15902.0,16612.0,17065.0
66,Wales,W06000009,Pembrokeshire,9614.0,9658.0,9993.0,10194.0,10565.0,11234.0,11689.0,12113.0,12677.0,13375.0,13623.0,14137.0,14163.0,14505.0,14765.0,15378.0,15533.0,15874.0,16236.0,16260.0,16418.0,17178.0,17207.0
67,Wales,W06000010,Carmarthenshire,8931.0,9071.0,9366.0,9470.0,9894.0,10299.0,10749.0,11093.0,11896.0,12490.0,12735.0,13426.0,13549.0,13859.0,14309.0,14908.0,15080.0,15404.0,15806.0,15849.0,16006.0,16728.0,16928.0
68,Wales,W06000016,Rhondda Cynon Taf,8103.0,7998.0,8398.0,9148.0,9753.0,10200.0,10438.0,10961.0,11360.0,11628.0,12075.0,12413.0,12436.0,12719.0,12930.0,13345.0,13604.0,13869.0,14372.0,14462.0,14948.0,15728.0,15945.0
69,Wales,W06000024,Merthyr Tydfil,8285.0,8093.0,8560.0,9398.0,10025.0,10432.0,10688.0,11287.0,11785.0,12019.0,12451.0,12806.0,12730.0,12966.0,13127.0,13580.0,13883.0,14137.0,14514.0,14535.0,15134.0,15366.0,15592.0
70,Wales,W06000018,Caerphilly,9407.0,9391.0,9875.0,10796.0,10936.0,11045.0,11545.0,11903.0,12010.0,12091.0,12593.0,12868.0,12666.0,12856.0,13180.0,13726.0,14042.0,14194.0,14723.0,14978.0,15187.0,15841.0,15992.0
71,Wales,W06000019,Blaenau Gwent,7562.0,7530.0,8094.0,8862.0,9054.0,9266.0,9626.0,10118.0,10323.0,10283.0,10692.0,11043.0,11135.0,11408.0,11637.0,12118.0,12375.0,12512.0,13058.0,13323.0,13595.0,14179.0,14630.0
72,Wales,W06000020,Torfaen,8848.0,8905.0,9491.0,10287.0,10533.0,10781.0,11337.0,11708.0,11796.0,11874.0,12404.0,12747.0,12680.0,13001.0,13301.0,13871.0,14158.0,14274.0,14838.0,15147.0,15393.0,16047.0,16505.0
73,Wales,W06000012,Neath Port Talbot,9548.0,9679.0,9867.0,10783.0,11047.0,10871.0,11274.0,11749.0,12084.0,12402.0,13082.0,13596.0,13415.0,13592.0,13665.0,14157.0,14560.0,14885.0,15342.0,15298.0,15728.0,16350.0,16442.0
74,Wales,W06000013,Bridgend,9998.0,10040.0,10383.0,11230.0,11446.0,11479.0,11842.0,12198.0,12374.0,12725.0,13055.0,13381.0,13494.0,13646.0,13722.0,14298.0,14730.0,15024.0,15430.0,15492.0,16021.0,16749.0,17047.0
75,Wales,W06000011,Swansea,9492.0,9601.0,10049.0,10494.0,11151.0,11476.0,11714.0,12072.0,12114.0,12489.0,12728.0,13772.0,13861.0,13600.0,13680.0,14162.0,14247.0,14986.0,15248.0,15009.0,15276.0,15997.0,16262.0
76,Wales,W06000021,Monmouthshire,11681.0,11760.0,12552.0,13919.0,14259.0,14945.0,15082.0,15059.0,15608.0,16079.0,17193.0,17718.0,16817.0,17228.0,17721.0,18198.0,18138.0,19095.0,19749.0,20004.0,20358.0,21378.0,21392.0
77,Wales,W06000022,Newport,8819.0,8692.0,9445.0,10253.0,10642.0,11100.0,11352.0,11674.0,12071.0,12516.0,13171.0,13653.0,13481.0,13699.0,14101.0,14689.0,14747.0,15291.0,15803.0,16087.0,16323.0,17417.0,17977.0
78,Wales,W06000014,Vale of Glamorgan,10910.0,11067.0,11633.0,12245.0,12391.0,12681.0,13317.0,13832.0,14066.0,14664.0,15173.0,15956.0,15855.0,16137.0,16433.0,16702.0,16894.0,17479.0,18323.0,18240.0,18844.0,19960.0,19987.0
79,Wales,W06000015,Cardiff,9673.0,9908.0,10457.0,11106.0,11498.0,12000.0,12379.0,12695.0,12839.0,13419.0,13652.0,14140.0,14225.0,14503.0,14752.0,15005.0,15102.0,15401.0,15945.0,15911.0,16519.0,17438.0,17431.0
80,Wales,W06000005,Flintshire,10131.0,10126.0,10591.0,11577.0,11781.0,12014.0,12488.0,13024.0,13298.0,13631.0,13987.0,14452.0,14380.0,14775.0,15359.0,15810.0,16235.0,16794.0,17606.0,17728.0,18154.0,18712.0,18722.0
81,Wales,W06000006,Wrexham,9350.0,9351.0,9793.0,10827.0,11002.0,11353.0,11786.0,12335.0,12617.0,12860.0,13163.0,13641.0,13505.0,13849.0,14351.0,14767.0,15116.0,15643.0,16394.0,16552.0,17006.0,17674.0,17785.0
82,Wales,W06000023,Powys,9252.0,9117.0,9765.0,10624.0,10934.0,11235.0,11732.0,12521.0,12976.0,13443.0,13729.0,14401.0,14448.0,15090.0,15269.0,15759.0,15923.0,16140.0,16563.0,16668.0,17448.0,18239.0,18287.0
85,South West,E06000023,"Bristol, City of",10365.0,10485.0,10952.0,11635.0,12106.0,12271.0,12479.0,12885.0,13091.0,13684.0,14331.0,14719.0,14643.0,15133.0,15508.0,15757.0,16295.0,16873.0,17812.0,18354.0,18751.0,19592.0,20249.0
86,South West,E06000022,Bath and North East Somerset,12395.0,12806.0,13461.0,13876.0,13964.0,14016.0,14505.0,14797.0,15513.0,16458.0,17104.0,17780.0,17656.0,18092.0,18448.0,18947.0,19632.0,20223.0,21633.0,21753.0,21802.0,23129.0,23515.0
87,South West,E06000024,North Somerset,12299.0,12617.0,13175.0,13535.0,13561.0,13663.0,14157.0,14600.0,15230.0,16017.0,16594.0,17341.0,17218.0,17412.0,17838.0,18364.0,19105.0,19719.0,21174.0,21179.0,21295.0,22636.0,22878.0
88,South West,E06000025,South Gloucestershire,11692.0,12116.0,12701.0,12965.0,13140.0,13400.0,13749.0,14006.0,14532.0,15374.0,15924.0,16537.0,16595.0,16910.0,17309.0,17869.0,18543.0,19127.0,20570.0,20626.0,20814.0,21813.0,22900.0
89,South West,E07000078,Cheltenham,11875.0,12009.0,12589.0,13349.0,13889.0,13969.0,14052.0,14747.0,15725.0,16490.0,16881.0,17539.0,17492.0,17973.0,18214.0,18821.0,19736.0,20711.0,21644.0,21845.0,22082.0,22682.0,23197.0
90,South West,E07000079,Cotswold,15641.0,15835.0,16519.0,17620.0,17873.0,17767.0,17767.0,18673.0,19998.0,20711.0,21749.0,22516.0,22068.0,22627.0,22617.0,23439.0,24361.0,25617.0,27066.0,27253.0,26807.0,28566.0,29350.0
91,South West,E07000080,Forest of Dean,9767.0,9721.0,10161.0,10612.0,10997.0,11091.0,11281.0,11737.0,12643.0,13336.0,13654.0,14239.0,14489.0,15043.0,15299.0,15673.0,16327.0,17005.0,17698.0,17755.0,17924.0,18898.0,19572.0
92,South West,E07000081,Gloucester,9674.0,9759.0,10180.0,10577.0,11135.0,11252.0,11470.0,11894.0,12638.0,13375.0,13482.0,13831.0,14387.0,14680.0,14916.0,15307.0,16009.0,16715.0,17228.0,17373.0,17575.0,18385.0,18751.0
93,South West,E07000082,Stroud,11985.0,12128.0,12629.0,13458.0,13930.0,14040.0,14119.0,14833.0,15854.0,16529.0,17234.0,17809.0,17679.0,18035.0,18296.0,18890.0,19681.0,20643.0,21564.0,21634.0,21786.0,23034.0,23588.0
94,South West,E07000083,Tewkesbury,12132.0,12655.0,13061.0,13766.0,14223.0,14275.0,14280.0,15014.0,16032.0,16815.0,17507.0,18025.0,17974.0,18265.0,18533.0,19078.0,19784.0,20607.0,21482.0,21426.0,21287.0,21728.0,21669.0
95,South West,E06000030,Swindon,11169.0,11558.0,12172.0,12899.0,13442.0,13829.0,13990.0,14197.0,14625.0,15125.0,15457.0,15727.0,16055.0,15956.0,16218.0,16603.0,17037.0,17651.0,18346.0,18770.0,19081.0,19974.0,20516.0
96,South West,E06000054,Wiltshire,11838.0,11892.0,12380.0,13324.0,13750.0,14024.0,14402.0,14824.0,15425.0,16080.0,16672.0,17050.0,17025.0,17399.0,17858.0,18262.0,19090.0,19730.0,20646.0,20796.0,21331.0,22609.0,23179.0
97,South West,E07000187,Mendip,11510.0,11925.0,12164.0,12548.0,13106.0,13278.0,13755.0,14353.0,14935.0,15748.0,16372.0,16928.0,16825.0,17449.0,17825.0,18093.0,18561.0,19319.0,20149.0,20298.0,20729.0,21652.0,22146.0
98,South West,E07000188,Sedgemoor,10614.0,10832.0,11313.0,11650.0,12163.0,12337.0,12682.0,13309.0,13763.0,14491.0,14919.0,15468.0,15611.0,16138.0,16466.0,16777.0,17051.0,17496.0,18158.0,18270.0,18761.0,19632.0,20340.0
99,South West,E07000189,South Somerset,11041.0,11340.0,11731.0,12250.0,12787.0,12822.0,13362.0,13928.0,14368.0,15191.0,15741.0,16340.0,16191.0,16782.0,17116.0,17360.0,17695.0,18442.0,19175.0,19212.0,19651.0,20682.0,20810.0
100,South West,E07000246,Somerset West and Taunton,10718.0,11040.0,11361.0,11746.0,12181.0,12350.0,12765.0,13298.0,13875.0,14572.0,15120.0,15652.0,15746.0,16364.0,16657.0,17019.0,17407.0,18077.0,18747.0,18699.0,19084.0,19801.0,20250.0
101,South West,E06000058,"Bournemouth, Christchurch and Poole",11576.0,11802.0,12364.0,13122.0,13512.0,13664.0,14008.0,14514.0,15114.0,15848.0,16542.0,16808.0,16381.0,16873.0,17179.0,17514.0,18191.0,18573.0,19678.0,19715.0,20033.0,21045.0,21652.0
102,South West,E06000059,Dorset,11694.0,12105.0,12480.0,13090.0,13457.0,13759.0,14258.0,14586.0,15151.0,16142.0,16686.0,17208.0,17057.0,17710.0,18309.0,18787.0,19360.0,19985.0,20769.0,20895.0,21166.0,22175.0,22613.0
103,South West,E06000052,Cornwall,9883.0,10066.0,10220.0,10783.0,11362.0,11847.0,12013.0,12438.0,12899.0,13499.0,14064.0,14467.0,14674.0,15178.0,15545.0,15927.0,16179.0,16550.0,17114.0,17522.0,18030.0,18529.0,18846.0
104,South West,E06000053,Isles of Scilly,13842.0,14308.0,13833.0,14664.0,14385.0,14661.0,15599.0,14967.0,14982.0,17163.0,15752.0,15711.0,18165.0,17978.0,19224.0,19616.0,18984.0,18448.0,19394.0,20267.0,21818.0,24068.0,24825.0
105,South West,E06000026,Plymouth,9241.0,9466.0,9760.0,10359.0,10589.0,10771.0,11118.0,11497.0,11731.0,12167.0,12692.0,13107.0,13370.0,14001.0,14230.0,14391.0,14761.0,15147.0,15614.0,15702.0,16261.0,16923.0,17343.0
106,South West,E06000027,Torbay,9979.0,10042.0,10447.0,11261.0,11269.0,11464.0,11813.0,12233.0,12968.0,13492.0,13786.0,14477.0,14668.0,15049.0,15342.0,15720.0,16200.0,16729.0,17123.0,17443.0,17705.0,18342.0,18698.0
107,South West,E07000040,East Devon,12067.0,12340.0,12531.0,12963.0,13362.0,13803.0,13953.0,14419.0,15139.0,15867.0,16550.0,17430.0,17553.0,17625.0,17882.0,18268.0,18749.0,19238.0,20099.0,20173.0,20389.0,21524.0,22078.0
108,South West,E07000041,Exeter,9376.0,9370.0,9899.0,10150.0,10714.0,11238.0,11442.0,12009.0,12324.0,13109.0,13518.0,14111.0,14984.0,15066.0,15219.0,15721.0,16228.0,16388.0,17002.0,17174.0,17604.0,18358.0,19005.0
109,South West,E07000042,Mid Devon,11398.0,11455.0,11907.0,12164.0,12641.0,13004.0,13084.0,13549.0,14116.0,14790.0,15260.0,15806.0,16360.0,16403.0,16603.0,17105.0,17818.0,18090.0,18997.0,19283.0,19688.0,20409.0,20811.0
110,South West,E07000043,North Devon,10390.0,10531.0,11003.0,11287.0,11780.0,12100.0,12341.0,12759.0,13292.0,14009.0,14512.0,15098.0,15544.0,15740.0,15855.0,16537.0,17096.0,17536.0,18486.0,18652.0,18968.0,19925.0,20105.0
111,South West,E07000044,South Hams,12806.0,13141.0,13205.0,13574.0,14321.0,14695.0,14982.0,15615.0,16575.0,17248.0,18058.0,19149.0,19013.0,19103.0,19246.0,19830.0,20348.0,20999.0,22259.0,22451.0,22620.0,23824.0,23927.0
112,South West,E07000045,Teignbridge,10867.0,10995.0,11311.0,11601.0,12052.0,12512.0,12706.0,13153.0,13825.0,14597.0,15129.0,15765.0,16290.0,16471.0,16675.0,17270.0,17846.0,18206.0,18959.0,19244.0,19484.0,20499.0,21009.0
113,South West,E07000046,Torridge,10360.0,10461.0,10831.0,10980.0,11366.0,11792.0,11975.0,12392.0,12889.0,13483.0,13957.0,14559.0,15261.0,15379.0,15435.0,15916.0,16366.0,16730.0,17461.0,17536.0,17828.0,18420.0,18974.0
114,South West,E07000047,West Devon,12273.0,12339.0,12656.0,12895.0,13361.0,13741.0,13934.0,14527.0,15363.0,16157.0,16729.0,17222.0,17178.0,17288.0,17408.0,17994.0,18542.0,18967.0,20129.0,20207.0,20295.0,21187.0,21509.0
117,South East,E06000036,Bracknell Forest,12184.0,12429.0,12712.0,13652.0,13909.0,14316.0,14563.0,14867.0,15476.0,16251.0,17330.0,17704.0,18205.0,18239.0,18563.0,19322.0,20151.0,20344.0,21461.0,22090.0,22488.0,23382.0,23892.0
118,South East,E06000037,West Berkshire,14281.0,14513.0,14940.0,15969.0,16076.0,16528.0,16783.0,17258.0,18033.0,18818.0,20170.0,20553.0,20396.0,20322.0,20865.0,21605.0,22420.0,22970.0,24519.0,24949.0,25356.0,26289.0,26714.0
119,South East,E06000038,Reading,11615.0,11690.0,12236.0,13356.0,13484.0,13971.0,14131.0,14484.0,14837.0,15424.0,16442.0,16788.0,17138.0,17048.0,17421.0,18205.0,19001.0,19223.0,20306.0,20812.0,21588.0,22350.0,23203.0
120,South East,E06000039,Slough,10084.0,10233.0,10554.0,11257.0,11638.0,11921.0,12302.0,12567.0,12926.0,13285.0,13825.0,13989.0,14475.0,14376.0,14605.0,15309.0,16144.0,16121.0,17043.0,17521.0,18257.0,18760.0,19469.0
121,South East,E06000040,Windsor and Maidenhead,17737.0,18466.0,18741.0,20124.0,20134.0,20511.0,20684.0,20961.0,21983.0,22763.0,24480.0,25015.0,24584.0,24399.0,24891.0,25794.0,26806.0,27871.0,29464.0,29997.0,30343.0,31510.0,31975.0
122,South East,E06000041,Wokingham,15879.0,16054.0,16578.0,17651.0,17490.0,18023.0,18393.0,18885.0,19671.0,20442.0,22090.0,22518.0,22214.0,22226.0,22786.0,23492.0,24339.0,25114.0,26786.0,27147.0,27217.0,28189.0,29443.0
123,South East,E06000042,Milton Keynes,11125.0,11274.0,11667.0,12367.0,12716.0,13469.0,13713.0,14477.0,14993.0,15463.0,16246.0,16679.0,16659.0,17031.0,17099.0,17494.0,17820.0,18358.0,19639.0,20038.0,20665.0,21649.0,22116.0
124,South East,E06000060,Buckinghamshire,14935.0,15218.0,15823.0,16825.0,17456.0,17813.0,17899.0,18653.0,19322.0,20681.0,21500.0,22049.0,22520.0,22463.0,22674.0,23286.0,24016.0,24777.0,26469.0,27122.0,27592.0,28387.0,29044.0
125,South East,E07000177,Cherwell,11981.0,12161.0,12733.0,13509.0,13799.0,14194.0,14342.0,14946.0,15268.0,16259.0,16658.0,16996.0,17712.0,17569.0,17951.0,18788.0,19481.0,20194.0,21741.0,21927.0,22418.0,23513.0,24115.0
126,South East,E07000178,Oxford,10932.0,11148.0,11672.0,12413.0,12790.0,13178.0,13188.0,13675.0,13674.0,14839.0,15257.0,15613.0,16454.0,16203.0,16425.0,17357.0,17995.0,18334.0,19820.0,20000.0,20884.0,21875.0,22848.0
127,South East,E07000179,South Oxfordshire,15885.0,16012.0,16518.0,18045.0,18126.0,18689.0,18921.0,19749.0,20563.0,21742.0,22665.0,22969.0,23046.0,22993.0,23237.0,24251.0,25154.0,26045.0,28221.0,28246.0,28713.0,29565.0,29669.0
128,South East,E07000180,Vale of White Horse,13707.0,14046.0,14299.0,15402.0,15595.0,16020.0,16199.0,16800.0,17346.0,18457.0,19024.0,19685.0,19799.0,19719.0,20030.0,20930.0,21575.0,22501.0,24190.0,23957.0,24209.0,25249.0,25680.0
129,South East,E07000181,West Oxfordshire,14293.0,14619.0,15026.0,16204.0,16315.0,16785.0,16858.0,17521.0,18005.0,18975.0,19533.0,19968.0,20046.0,19805.0,20254.0,20915.0,21564.0,22487.0,24345.0,24497.0,24889.0,26101.0,27212.0
130,South East,E06000043,Brighton and Hove,12019.0,12107.0,12630.0,13458.0,13998.0,14438.0,14616.0,15193.0,16015.0,16242.0,16841.0,17371.0,17860.0,17764.0,17972.0,18379.0,19005.0,19457.0,20689.0,20963.0,21486.0,22365.0,23142.0
131,South East,E07000061,Eastbourne,10159.0,10323.0,10855.0,11529.0,11981.0,12315.0,12525.0,12639.0,13065.0,13455.0,14407.0,14795.0,15355.0,15980.0,15845.0,16310.0,17043.0,17278.0,18191.0,18551.0,18753.0,19796.0,20020.0
132,South East,E07000062,Hastings,8209.0,8415.0,8801.0,9085.0,9423.0,9962.0,10184.0,10343.0,10730.0,11272.0,11938.0,12128.0,13326.0,13836.0,13830.0,14526.0,15251.0,15275.0,15954.0,16431.0,16920.0,17621.0,18545.0
133,South East,E07000063,Lewes,12209.0,12428.0,12796.0,13492.0,14098.0,14372.0,14575.0,14946.0,15695.0,16261.0,17628.0,18097.0,18255.0,18694.0,18812.0,19232.0,20072.0,20400.0,21724.0,22079.0,22249.0,22947.0,23543.0
134,South East,E07000064,Rother,11941.0,11954.0,12438.0,13193.0,13856.0,14139.0,14401.0,14709.0,15343.0,15889.0,17122.0,17680.0,17729.0,18225.0,18275.0,18722.0,19643.0,19917.0,20987.0,21226.0,21242.0,22097.0,22585.0
135,South East,E07000065,Wealden,14649.0,14888.0,15602.0,16479.0,16997.0,17338.0,17592.0,18008.0,18848.0,19613.0,21079.0,21835.0,21714.0,22474.0,22189.0,22704.0,23746.0,24003.0,25311.0,25750.0,25888.0,25788.0,25895.0
136,South East,E07000207,Elmbridge,21418.0,22181.0,22861.0,23968.0,24286.0,24525.0,24208.0,25236.0,26557.0,28234.0,29379.0,30257.0,30293.0,30234.0,30801.0,32389.0,33915.0,34771.0,37144.0,37237.0,37810.0,40336.0,40922.0
137,South East,E07000209,Guildford,15817.0,16438.0,16975.0,17700.0,17800.0,18387.0,18498.0,19216.0,20345.0,21429.0,22421.0,22584.0,22615.0,22918.0,23089.0,24141.0,25191.0,25762.0,27323.0,27392.0,27761.0,29103.0,29325.0
138,South East,E07000212,Runnymede,13584.0,14025.0,14874.0,15080.0,15349.0,15920.0,16060.0,16683.0,17597.0,18709.0,19272.0,19504.0,19999.0,19964.0,20484.0,20966.0,22087.0,22701.0,24025.0,24042.0,24575.0,26022.0,26925.0
139,South East,E07000213,Spelthorne,12918.0,13436.0,14152.0,14593.0,15001.0,15591.0,15668.0,16073.0,16952.0,17953.0,18407.0,18504.0,19207.0,19185.0,19609.0,20452.0,21531.0,22003.0,23526.0,24156.0,24686.0,25376.0,26136.0
140,South East,E07000214,Surrey Heath,15248.0,15896.0,16430.0,17104.0,17408.0,18044.0,18185.0,18464.0,19330.0,20479.0,21274.0,21304.0,21708.0,21772.0,22205.0,23380.0,24589.0,25170.0,26880.0,27045.0,27693.0,29337.0,29545.0
141,South East,E07000216,Waverley,17468.0,18115.0,18638.0,19523.0,19783.0,20335.0,20323.0,21018.0,22439.0,23986.0,24958.0,25498.0,25105.0,25294.0,25795.0,27076.0,28285.0,29238.0,31313.0,31393.0,31663.0,32991.0,33071.0
142,South East,E07000217,Woking,15170.0,15782.0,16616.0,17412.0,17553.0,18309.0,18507.0,19040.0,20077.0,21145.0,21587.0,21658.0,22044.0,22079.0,22209.0,23416.0,24625.0,25437.0,27295.0,27573.0,28490.0,29461.0,29877.0
143,South East,E07000208,Epsom and Ewell,15945.0,16744.0,17438.0,18368.0,18780.0,19289.0,19365.0,19869.0,20922.0,22463.0,23153.0,23229.0,22985.0,23265.0,23771.0,24863.0,25639.0,26099.0,28264.0,28510.0,28991.0,28971.0,29427.0
144,South East,E07000210,Mole Valley,17208.0,18079.0,18413.0,19453.0,19524.0,20173.0,19811.0,20532.0,22219.0,23512.0,24623.0,25190.0,24756.0,24720.0,25205.0,26783.0,27617.0,28363.0,30576.0,30790.0,31264.0,32736.0,33329.0
145,South East,E07000211,Reigate and Banstead,15072.0,15859.0,16429.0,17191.0,17391.0,17946.0,18159.0,18801.0,19985.0,21272.0,22130.0,22121.0,22238.0,22217.0,22335.0,23495.0,24457.0,24918.0,26656.0,26850.0,27212.0,28419.0,29069.0
146,South East,E07000215,Tandridge,15594.0,16150.0,16671.0,17151.0,17395.0,18107.0,18447.0,18918.0,20030.0,21465.0,22296.0,22604.0,22446.0,22738.0,23062.0,24074.0,25077.0,25623.0,27537.0,27571.0,27913.0,29143.0,30333.0
147,South East,E07000223,Adur,9579.0,10049.0,10478.0,11153.0,11887.0,12165.0,12348.0,12734.0,13527.0,14097.0,14674.0,14835.0,15563.0,15928.0,16401.0,17160.0,17835.0,18003.0,19306.0,19820.0,20403.0,21203.0,21618.0
148,South East,E07000224,Arun,11281.0,11805.0,11979.0,12762.0,13495.0,13756.0,13969.0,14364.0,15080.0,15615.0,16392.0,16690.0,16979.0,17371.0,17705.0,18411.0,19154.0,19344.0,20642.0,20964.0,21385.0,22016.0,22471.0
149,South East,E07000225,Chichester,13903.0,14378.0,14471.0,15766.0,16343.0,16715.0,16979.0,17815.0,18748.0,19433.0,20110.0,20498.0,20394.0,20677.0,21162.0,21929.0,22807.0,23396.0,24828.0,25067.0,25381.0,26563.0,26915.0
150,South East,E07000229,Worthing,10380.0,10894.0,11213.0,11995.0,12662.0,13093.0,13318.0,13663.0,14309.0,14976.0,15547.0,15715.0,16289.0,16597.0,16948.0,17620.0,18349.0,18660.0,19944.0,20253.0,20880.0,21638.0,22224.0
151,South East,E07000226,Crawley,11216.0,11273.0,11671.0,12122.0,12722.0,13081.0,13327.0,13701.0,14076.0,14516.0,14879.0,14896.0,15833.0,15898.0,16200.0,16766.0,17616.0,17595.0,18297.0,18948.0,19696.0,20501.0,21656.0
152,South East,E07000227,Horsham,16720.0,16916.0,17094.0,18148.0,18419.0,18799.0,18846.0,19472.0,20303.0,20900.0,21646.0,22067.0,21697.0,21913.0,22437.0,23145.0,23990.0,24611.0,25698.0,25941.0,26043.0,27050.0,27522.0
153,South East,E07000228,Mid Sussex,15885.0,15918.0,16143.0,17337.0,17850.0,18046.0,18303.0,18925.0,19652.0,20109.0,20845.0,20998.0,20852.0,20941.0,21288.0,21963.0,22802.0,23183.0,24252.0,24853.0,25141.0,26418.0,26947.0
154,South East,E06000044,Portsmouth,9369.0,9396.0,9943.0,10798.0,10762.0,11224.0,11311.0,11347.0,11345.0,11546.0,12186.0,12550.0,13167.0,13119.0,13279.0,13368.0,13969.0,14248.0,15247.0,15556.0,15858.0,16509.0,17028.0
155,South East,E06000045,Southampton,9613.0,9506.0,9665.0,10312.0,10625.0,11060.0,11183.0,11538.0,11676.0,12185.0,12916.0,13119.0,13465.0,13469.0,13661.0,13937.0,14339.0,14639.0,15178.0,15665.0,16185.0,16950.0,17529.0
156,South East,E06000046,Isle of Wight,9834.0,10038.0,10312.0,10828.0,11594.0,11915.0,12017.0,12574.0,13149.0,13765.0,14397.0,14786.0,15525.0,15820.0,16071.0,16239.0,16625.0,16628.0,17214.0,17356.0,17657.0,18508.0,19211.0
157,South East,E07000086,Eastleigh,11647.0,11831.0,12233.0,12862.0,13459.0,14077.0,14284.0,14892.0,15354.0,15702.0,16521.0,17035.0,17649.0,17614.0,17912.0,18827.0,19563.0,19846.0,20823.0,20852.0,21032.0,22018.0,22722.0
158,South East,E07000087,Fareham,11885.0,12165.0,12683.0,13450.0,13930.0,14488.0,14676.0,15341.0,15926.0,16495.0,17411.0,17985.0,18337.0,18401.0,18786.0,19677.0,20321.0,20736.0,21643.0,21586.0,21759.0,22136.0,22669.0
159,South East,E07000088,Gosport,8970.0,9089.0,9720.0,10282.0,10933.0,11470.0,11765.0,12220.0,12534.0,12881.0,13488.0,13828.0,14668.0,14738.0,15055.0,15821.0,16549.0,16665.0,17391.0,17337.0,17653.0,18251.0,18711.0
160,South East,E07000090,Havant,10206.0,10384.0,10787.0,11416.0,12025.0,12602.0,12733.0,13348.0,13844.0,14361.0,15206.0,15638.0,16209.0,16326.0,16607.0,17381.0,18225.0,18640.0,19348.0,19378.0,19407.0,20093.0,20700.0
161,South East,E07000085,East Hampshire,14209.0,14719.0,15429.0,16382.0,16874.0,17403.0,17627.0,18342.0,19144.0,19821.0,20838.0,21497.0,21900.0,21995.0,22158.0,23099.0,23724.0,24448.0,26109.0,26492.0,26894.0,27858.0,28337.0
162,South East,E07000091,New Forest,12323.0,12538.0,12896.0,13860.0,14318.0,14676.0,14929.0,15612.0,16196.0,16851.0,17700.0,18393.0,18764.0,18762.0,19085.0,20068.0,20308.0,20827.0,22418.0,22575.0,23047.0,24279.0,24778.0
163,South East,E07000093,Test Valley,13072.0,13210.0,13624.0,14639.0,15122.0,15588.0,15699.0,16356.0,16861.0,17588.0,18520.0,19071.0,19805.0,19838.0,20094.0,21162.0,21415.0,21742.0,23249.0,23369.0,23803.0,24992.0,25872.0
164,South East,E07000094,Winchester,14799.0,15038.0,15612.0,16933.0,17612.0,17994.0,18005.0,19042.0,19740.0,20364.0,21507.0,22116.0,22253.0,22414.0,22697.0,23747.0,24284.0,24759.0,26331.0,26251.0,26969.0,27577.0,28611.0
165,South East,E07000084,Basingstoke and Deane,14106.0,14350.0,14680.0,15528.0,15945.0,16278.0,16410.0,17104.0,17444.0,17884.0,18912.0,19294.0,19581.0,19493.0,19682.0,20536.0,21295.0,21659.0,23103.0,23138.0,23960.0,25102.0,25458.0
166,South East,E07000089,Hart,16723.0,16940.0,17264.0,18471.0,18792.0,19113.0,19016.0,19742.0,20151.0,20593.0,21725.0,22434.0,22381.0,22422.0,22869.0,23894.0,24704.0,25449.0,27380.0,27274.0,27579.0,28656.0,29293.0
167,South East,E07000092,Rushmoor,10872.0,10633.0,11132.0,11772.0,12147.0,12706.0,12928.0,13383.0,13659.0,14054.0,14697.0,15018.0,15925.0,16137.0,16359.0,17186.0,18065.0,18268.0,19501.0,19726.0,20618.0,21314.0,22215.0
168,South East,E06000035,Medway,10827.0,10623.0,11080.0,11725.0,12160.0,12529.0,12660.0,13278.0,13696.0,14094.0,14801.0,15107.0,15625.0,15653.0,15907.0,16232.0,16500.0,16871.0,17813.0,18223.0,18503.0,19213.0,19814.0
169,South East,E07000107,Dartford,11822.0,11895.0,12566.0,13400.0,13912.0,14480.0,14752.0,15058.0,15411.0,15877.0,16747.0,17096.0,17393.0,17544.0,17804.0,18415.0,18901.0,19325.0,20343.0,21079.0,21348.0,21837.0,22459.0
170,South East,E07000109,Gravesham,10147.0,10252.0,10653.0,11262.0,11707.0,12268.0,12432.0,12936.0,13311.0,13725.0,14491.0,14847.0,15375.0,15529.0,15850.0,16304.0,16880.0,17282.0,18164.0,18864.0,19447.0,20308.0,20665.0
171,South East,E07000113,Swale,10288.0,10404.0,10861.0,11485.0,11828.0,12273.0,12438.0,12975.0,13455.0,13855.0,14437.0,14719.0,15098.0,15209.0,15427.0,15822.0,16389.0,16786.0,17562.0,18057.0,18361.0,19191.0,19753.0
172,South East,E07000106,Canterbury,9306.0,9596.0,10195.0,11053.0,11665.0,12194.0,12319.0,12796.0,13295.0,13643.0,14425.0,14857.0,15525.0,15841.0,16136.0,16655.0,17188.0,17532.0,18223.0,18495.0,18710.0,19210.0,19631.0
173,South East,E07000108,Dover,9023.0,9254.0,9709.0,10359.0,10901.0,11361.0,11573.0,12165.0,12694.0,13204.0,13984.0,14366.0,15136.0,15328.0,15634.0,16262.0,16914.0,17383.0,18243.0,18599.0,18794.0,19487.0,19964.0
174,South East,E07000112,Folkestone and Hythe,9760.0,10036.0,10510.0,11232.0,11716.0,12244.0,12465.0,12977.0,13526.0,13949.0,14685.0,15151.0,15773.0,15884.0,16153.0,16753.0,17374.0,17737.0,18680.0,19008.0,19382.0,19966.0,20461.0
175,South East,E07000114,Thanet,8317.0,8461.0,8987.0,9615.0,10154.0,10609.0,10917.0,11413.0,11988.0,12534.0,13159.0,13573.0,14302.0,14512.0,14857.0,15379.0,15856.0,16201.0,16810.0,17269.0,17607.0,18219.0,18710.0
176,South East,E07000105,Ashford,12731.0,12773.0,13084.0,13983.0,14320.0,14555.0,14588.0,15220.0,15636.0,16027.0,16724.0,17093.0,17358.0,17501.0,17576.0,18204.0,18861.0,19326.0,20028.0,20529.0,20710.0,21652.0,21967.0
177,South East,E07000110,Maidstone,12591.0,12675.0,13243.0,14190.0,14689.0,14943.0,15160.0,15753.0,16266.0,16801.0,17507.0,17796.0,18132.0,18256.0,18432.0,19127.0,19833.0,20168.0,20830.0,21490.0,21794.0,22322.0,22888.0
178,South East,E07000111,Sevenoaks,17139.0,17104.0,17338.0,18828.0,19303.0,19568.0,19750.0,20737.0,21365.0,22058.0,23272.0,24067.0,23906.0,23982.0,24388.0,25195.0,26084.0,27312.0,29208.0,29237.0,29492.0,31485.0,31654.0
179,South East,E07000115,Tonbridge and Malling,14528.0,14327.0,14737.0,15712.0,16001.0,16382.0,16387.0,17020.0,17434.0,17949.0,18540.0,18848.0,19254.0,19399.0,19623.0,20345.0,21205.0,21792.0,23145.0,23374.0,23705.0,24691.0,25249.0
180,South East,E07000116,Tunbridge Wells,15596.0,15504.0,16050.0,17016.0,17422.0,17752.0,17863.0,18739.0,19411.0,20050.0,20720.0,20898.0,21234.0,21288.0,21479.0,22253.0,23135.0,23894.0,25924.0,26027.0,26557.0,27286.0,28503.0
183,London,E09000001,City of London,89249.0,98239.0,90832.0,95511.0,94159.0,95878.0,101359.0,109234.0,122565.0,130110.0,139733.0,155363.0,151219.0,147841.0,144611.0,175447.0,216630.0,226826.0,227294.0,220644.0,212614.0,211104.0,200903.0
184,London,E09000007,Camden,16136.0,17852.0,19073.0,21204.0,21070.0,21157.0,21456.0,23163.0,25626.0,27818.0,30857.0,33847.0,33740.0,32757.0,31344.0,33549.0,36688.0,37202.0,39613.0,40827.0,41106.0,43536.0,44015.0
185,London,E09000033,Westminster,21037.0,21787.0,23802.0,25855.0,26222.0,25956.0,26437.0,28248.0,30474.0,32950.0,36946.0,39934.0,40292.0,40108.0,39217.0,42327.0,46370.0,49012.0,52280.0,54106.0,53482.0,53644.0,53670.0
186,London,E09000013,Hammersmith and Fulham,19419.0,19541.0,20665.0,22305.0,22312.0,21905.0,22635.0,23952.0,25801.0,27374.0,29560.0,30987.0,31706.0,31222.0,29947.0,32093.0,35892.0,37905.0,39533.0,39217.0,39665.0,42335.0,43040.0
187,London,E09000020,Kensington and Chelsea,36851.0,36509.0,37780.0,40432.0,39445.0,38784.0,39416.0,42454.0,45392.0,50119.0,57183.0,62206.0,60761.0,58909.0,58401.0,64298.0,71228.0,76857.0,79703.0,80470.0,81531.0,85476.0,85376.0
188,London,E09000032,Wandsworth,13864.0,15395.0,17139.0,19331.0,19900.0,19854.0,20238.0,21779.0,24153.0,26087.0,29070.0,30249.0,30292.0,29257.0,28019.0,29872.0,32636.0,34593.0,36445.0,37729.0,37678.0,39489.0,40851.0
189,London,E09000012,Hackney,6935.0,7660.0,8570.0,9733.0,10246.0,10553.0,11010.0,11835.0,12989.0,14132.0,15399.0,15849.0,16250.0,16606.0,16918.0,17827.0,19165.0,20005.0,21621.0,22261.0,22369.0,23527.0,24575.0
190,London,E09000025,Newham,5875.0,6385.0,7091.0,8097.0,8714.0,9077.0,9798.0,10623.0,11802.0,12765.0,13531.0,13776.0,13829.0,14024.0,14050.0,14751.0,15478.0,15838.0,17261.0,17911.0,18524.0,19481.0,20710.0
191,London,E09000030,Tower Hamlets,13102.0,13325.0,14064.0,15113.0,15519.0,15596.0,16107.0,16898.0,17905.0,18767.0,19806.0,20089.0,20162.0,20386.0,20293.0,21094.0,21666.0,22085.0,23571.0,24549.0,24569.0,25457.0,26404.0
192,London,E09000014,Haringey,14121.0,14307.0,15228.0,16230.0,16592.0,16917.0,17262.0,18137.0,19125.0,20005.0,21261.0,21354.0,21386.0,22153.0,22448.0,23850.0,24344.0,25491.0,27170.0,26849.0,27713.0,29225.0,30176.0
193,London,E09000019,Islington,16530.0,16738.0,18296.0,19601.0,19912.0,20328.0,20643.0,21660.0,22816.0,24364.0,26092.0,26793.0,26354.0,26922.0,26758.0,28036.0,28434.0,29239.0,30783.0,30475.0,30315.0,31363.0,32534.0
194,London,E09000023,Lewisham,9027.0,9342.0,10073.0,10949.0,11387.0,11735.0,12377.0,13100.0,14025.0,14967.0,15953.0,16232.0,16256.0,16916.0,17125.0,18117.0,18836.0,19814.0,21222.0,21618.0,22229.0,23099.0,24047.0
195,London,E09000028,Southwark,10909.0,11350.0,12269.0,13364.0,13633.0,13890.0,14556.0,15381.0,16455.0,17326.0,18472.0,18874.0,18995.0,19718.0,19957.0,21028.0,21923.0,23157.0,24701.0,25250.0,25677.0,27582.0,28609.0
196,London,E09000022,Lambeth,11056.0,11355.0,12363.0,13509.0,13756.0,14038.0,14487.0,15273.0,16275.0,17235.0,18510.0,18913.0,18939.0,19620.0,19776.0,20871.0,21794.0,22829.0,25826.0,27151.0,27079.0,28842.0,30386.0
197,London,E09000004,Bexley,12135.0,12226.0,12617.0,13282.0,14030.0,14331.0,14854.0,15390.0,15825.0,16170.0,17167.0,17568.0,17377.0,17752.0,17825.0,18678.0,19117.0,19701.0,21032.0,21580.0,21560.0,22525.0,23401.0
198,London,E09000011,Greenwich,13315.0,13388.0,14143.0,14879.0,15489.0,15653.0,16089.0,16497.0,16961.0,17288.0,18126.0,18561.0,18682.0,18986.0,18891.0,19510.0,20243.0,20770.0,21786.0,22262.0,22419.0,23351.0,24700.0
199,London,E09000002,Barking and Dagenham,8484.0,8736.0,9219.0,9710.0,10417.0,10843.0,11408.0,11886.0,12235.0,12577.0,13246.0,13625.0,13861.0,14032.0,14085.0,14943.0,15240.0,15434.0,16246.0,16649.0,16879.0,17873.0,18928.0
200,London,E09000016,Havering,11529.0,11985.0,12395.0,13402.0,14147.0,14477.0,15091.0,15664.0,16213.0,16555.0,17749.0,18298.0,17909.0,18400.0,18573.0,19548.0,20086.0,20409.0,21770.0,22312.0,22448.0,23619.0,24089.0
201,London,E09000026,Redbridge,11580.0,11804.0,12283.0,13191.0,13910.0,14266.0,14714.0,15344.0,15918.0,16159.0,17056.0,17470.0,17184.0,17579.0,17577.0,18713.0,19064.0,19532.0,21335.0,21713.0,22334.0,23702.0,24650.0
202,London,E09000031,Waltham Forest,10375.0,10595.0,11256.0,11989.0,12913.0,13316.0,13896.0,14379.0,14951.0,15316.0,16174.0,16402.0,16430.0,16739.0,16815.0,17966.0,18732.0,19494.0,21089.0,21610.0,22240.0,23529.0,24614.0
203,London,E09000010,Enfield,10871.0,11240.0,11624.0,12593.0,13334.0,13502.0,14068.0,14721.0,15314.0,15725.0,16856.0,17384.0,17283.0,17524.0,17537.0,18686.0,19118.0,19869.0,21476.0,22012.0,21933.0,22810.0,23710.0
204,London,E09000006,Bromley,13859.0,14474.0,15224.0,16345.0,16872.0,17229.0,18174.0,19238.0,20100.0,20633.0,21762.0,22007.0,21642.0,22235.0,22640.0,23922.0,24580.0,25633.0,27416.0,27760.0,27656.0,29091.0,30157.0
205,London,E09000008,Croydon,10186.0,10568.0,11366.0,12378.0,12978.0,13441.0,14210.0,15001.0,15798.0,16267.0,17272.0,17621.0,17341.0,17743.0,17974.0,19002.0,19646.0,19991.0,21517.0,21921.0,22240.0,23599.0,24603.0
206,London,E09000021,Kingston upon Thames,14897.0,15113.0,15886.0,17009.0,17323.0,17583.0,18328.0,19208.0,19944.0,20309.0,21734.0,22080.0,21593.0,22113.0,22292.0,23575.0,24400.0,24787.0,26086.0,26576.0,26326.0,27919.0,29045.0
207,London,E09000024,Merton,15877.0,16271.0,17163.0,18229.0,18589.0,18990.0,19919.0,21169.0,22053.0,22466.0,23674.0,24129.0,23570.0,24375.0,24737.0,26018.0,27302.0,28214.0,30049.0,30694.0,30672.0,32155.0,33251.0
208,London,E09000029,Sutton,11933.0,12252.0,12869.0,13902.0,14235.0,14563.0,15196.0,15983.0,16840.0,17223.0,18177.0,18515.0,18163.0,18735.0,18947.0,20041.0,20728.0,21096.0,22618.0,22986.0,22742.0,24755.0,25591.0
209,London,E09000003,Barnet,12648.0,13274.0,13994.0,15180.0,15678.0,16231.0,17022.0,17629.0,18692.0,19361.0,20603.0,21232.0,20919.0,21429.0,21563.0,23059.0,23973.0,25255.0,28051.0,28824.0,28940.0,30271.0,31489.0
210,London,E09000005,Brent,10774.0,11220.0,12068.0,12922.0,13454.0,14013.0,14703.0,15231.0,16245.0,16567.0,17578.0,18013.0,18138.0,18379.0,18542.0,19897.0,21112.0,22031.0,23612.0,23841.0,24022.0,25381.0,26376.0
211,London,E09000009,Ealing,12916.0,13243.0,14000.0,14815.0,15363.0,15783.0,16516.0,17019.0,17719.0,18119.0,19167.0,19686.0,19585.0,20111.0,20297.0,21715.0,23042.0,24377.0,26335.0,26487.0,26373.0,27249.0,28155.0
212,London,E09000015,Harrow,12856.0,13548.0,14334.0,15346.0,16019.0,16571.0,17398.0,17863.0,18621.0,18876.0,20221.0,20790.0,20165.0,20808.0,20965.0,22387.0,23635.0,24440.0,26306.0,27016.0,27242.0,28177.0,29284.0
213,London,E09000017,Hillingdon,10295.0,10780.0,11605.0,12440.0,13120.0,13616.0,14293.0,14900.0,15685.0,16054.0,16936.0,17400.0,17314.0,17671.0,17656.0,18610.0,19479.0,19782.0,21242.0,21611.0,21622.0,22625.0,23160.0
214,London,E09000018,Hounslow,13805.0,14007.0,14796.0,15535.0,16076.0,16507.0,17294.0,17603.0,18094.0,18319.0,18732.0,19115.0,19374.0,19613.0,19418.0,20703.0,21571.0,22159.0,23930.0,23720.0,23988.0,25490.0,26575.0
215,London,E09000027,Richmond upon Thames,22020.0,22409.0,23182.0,24851.0,25131.0,25309.0,25881.0,26693.0,27810.0,28819.0,31155.0,32222.0,31396.0,31755.0,31979.0,34036.0,35625.0,37104.0,40068.0,39546.0,39560.0,42079.0,43363.0
218,East of England,E06000031,Peterborough,9874.0,10141.0,10949.0,11639.0,11906.0,12130.0,12116.0,12243.0,12586.0,13246.0,13860.0,14040.0,14002.0,14271.0,14408.0,14876.0,15330.0,16012.0,16698.0,16918.0,17103.0,17686.0,18124.0
219,East of England,E07000008,Cambridge,11459.0,11701.0,12423.0,13152.0,13383.0,14074.0,14014.0,14610.0,15158.0,15995.0,16849.0,17202.0,17796.0,17777.0,17781.0,18706.0,19720.0,20799.0,21926.0,22713.0,23056.0,24033.0,25105.0
220,East of England,E07000009,East Cambridgeshire,11808.0,11922.0,12697.0,13228.0,13401.0,13965.0,13642.0,14663.0,15652.0,16110.0,16462.0,16777.0,16995.0,17225.0,17277.0,17864.0,18584.0,19372.0,20315.0,20869.0,21110.0,21961.0,22769.0
221,East of England,E07000010,Fenland,8967.0,9199.0,9661.0,10018.0,10134.0,10704.0,10880.0,11273.0,12068.0,12469.0,12597.0,12937.0,13461.0,13625.0,13828.0,14358.0,14939.0,15461.0,16058.0,16528.0,16809.0,17729.0,17958.0
222,East of England,E07000011,Huntingdonshire,10155.0,10514.0,11224.0,11707.0,11877.0,12417.0,12624.0,13153.0,14238.0,14817.0,15328.0,15681.0,16114.0,16345.0,16408.0,17133.0,17827.0,18543.0,19395.0,19946.0,20387.0,21456.0,22089.0
223,East of England,E07000012,South Cambridgeshire,14455.0,15023.0,15894.0,16910.0,16977.0,17537.0,17390.0,18221.0,19532.0,20184.0,20957.0,21390.0,21072.0,21155.0,21310.0,22019.0,23025.0,24099.0,25520.0,26035.0,26279.0,26900.0,27610.0
224,East of England,E07000200,Babergh,11712.0,11657.0,12050.0,13118.0,13501.0,14030.0,14212.0,14775.0,15472.0,15833.0,16553.0,17436.0,17847.0,18146.0,18250.0,19027.0,19406.0,20005.0,21096.0,21259.0,21605.0,21981.0,22641.0
225,East of England,E07000202,Ipswich,8827.0,8872.0,9377.0,10136.0,10713.0,11049.0,11343.0,11639.0,11939.0,12337.0,12661.0,13264.0,14056.0,14179.0,14218.0,14865.0,15349.0,15589.0,16358.0,16565.0,17041.0,17837.0,18093.0
226,East of England,E07000203,Mid Suffolk,11697.0,11738.0,11942.0,13121.0,13331.0,13822.0,14057.0,14597.0,15136.0,15298.0,15826.0,16726.0,17135.0,17212.0,17256.0,17932.0,18371.0,18761.0,19891.0,20030.0,20417.0,21036.0,21280.0
227,East of England,E07000244,East Suffolk,10203.0,10367.0,10595.0,11561.0,11937.0,12299.0,12623.0,13134.0,13718.0,13993.0,14648.0,15566.0,15898.0,16059.0,16261.0,16856.0,17225.0,17739.0,18853.0,18871.0,19063.0,20020.0,20364.0
228,East of England,E07000245,West Suffolk,9553.0,9588.0,10073.0,10927.0,11871.0,12274.0,12446.0,12928.0,13375.0,13773.0,14221.0,15086.0,15600.0,15666.0,15676.0,16384.0,16903.0,17145.0,18119.0,18334.0,18535.0,19650.0,20224.0
229,East of England,E07000144,Broadland,12041.0,12038.0,12165.0,12937.0,13429.0,13694.0,13833.0,14233.0,14806.0,14821.0,15757.0,16438.0,16325.0,16799.0,17301.0,17869.0,18279.0,18807.0,19978.0,19552.0,19686.0,20670.0,21073.0
230,East of England,E07000145,Great Yarmouth,8750.0,8827.0,9110.0,9472.0,9944.0,10050.0,10311.0,10590.0,10861.0,10906.0,11444.0,11981.0,12563.0,12920.0,13323.0,13944.0,14277.0,14414.0,15256.0,14942.0,15193.0,15577.0,16225.0
231,East of England,E07000148,Norwich,9111.0,9363.0,9803.0,10374.0,10922.0,11197.0,11473.0,11641.0,11988.0,12062.0,12685.0,13214.0,13742.0,14187.0,14570.0,15135.0,15460.0,15592.0,16418.0,15992.0,16219.0,16702.0,17170.0
232,East of England,E07000146,King's Lynn and West Norfolk,9161.0,9290.0,9755.0,10287.0,10950.0,11151.0,11398.0,11623.0,12110.0,12126.0,12762.0,13432.0,14161.0,14753.0,15218.0,15881.0,16252.0,16447.0,17093.0,17308.0,18003.0,18874.0,19572.0
233,East of England,E07000147,North Norfolk,9970.0,10103.0,10295.0,11012.0,11631.0,12093.0,12338.0,12655.0,13279.0,13405.0,14230.0,15007.0,15263.0,15910.0,16243.0,16779.0,17140.0,17580.0,18421.0,18547.0,18904.0,19909.0,20466.0
234,East of England,E07000143,Breckland,9268.0,9444.0,9591.0,10148.0,10648.0,10812.0,11078.0,11375.0,11798.0,11937.0,12583.0,13132.0,13507.0,14018.0,14386.0,15016.0,15115.0,15472.0,16325.0,16822.0,17303.0,17998.0,18462.0
235,East of England,E07000149,South Norfolk,11451.0,11600.0,11902.0,12619.0,13240.0,13399.0,13596.0,13986.0,14576.0,14747.0,15590.0,16161.0,16134.0,16489.0,16834.0,17414.0,17506.0,17946.0,18921.0,19401.0,19751.0,20364.0,20564.0
236,East of England,E06000032,Luton,9252.0,8851.0,9387.0,9991.0,10564.0,10930.0,11211.0,11485.0,11704.0,11814.0,12179.0,12339.0,12529.0,12813.0,13005.0,13403.0,13678.0,14165.0,14637.0,15389.0,16153.0,16541.0,16873.0
237,East of England,E07000095,Broxbourne,11902.0,12310.0,12418.0,13305.0,13968.0,14327.0,14588.0,14845.0,15256.0,15925.0,16678.0,17064.0,17923.0,17891.0,18089.0,18910.0,19898.0,20474.0,21848.0,22227.0,22903.0,22820.0,23109.0
238,East of England,E07000096,Dacorum,12967.0,13385.0,13729.0,14970.0,15645.0,16012.0,16333.0,16818.0,17459.0,18285.0,19368.0,19908.0,20420.0,20387.0,20470.0,21289.0,22343.0,23202.0,24739.0,24733.0,25483.0,25850.0,26318.0
239,East of England,E07000098,Hertsmere,14404.0,14990.0,15328.0,16362.0,17051.0,17333.0,17779.0,18424.0,19208.0,19919.0,21019.0,21463.0,21481.0,21582.0,21644.0,22626.0,23866.0,25200.0,26892.0,27097.0,27382.0,28825.0,30046.0
240,East of England,E07000099,North Hertfordshire,12483.0,12953.0,13264.0,14550.0,15202.0,15398.0,15774.0,16018.0,16591.0,17466.0,18247.0,18683.0,19178.0,19243.0,19349.0,20253.0,21217.0,21940.0,23508.0,23689.0,24094.0,25414.0,25826.0
241,East of England,E07000102,Three Rivers,15215.0,16009.0,15795.0,17079.0,18042.0,17946.0,18346.0,18951.0,19736.0,20526.0,21856.0,22341.0,22269.0,22612.0,22712.0,23726.0,25011.0,25970.0,27788.0,27735.0,28099.0,29500.0,29712.0
242,East of England,E07000103,Watford,11435.0,11764.0,12294.0,13303.0,14194.0,14719.0,14858.0,15078.0,15476.0,16301.0,17081.0,17270.0,17999.0,17797.0,17753.0,18537.0,19339.0,19770.0,21052.0,21602.0,22350.0,23561.0,24163.0
243,East of England,E07000240,St Albans,16684.0,17383.0,17684.0,19387.0,20103.0,20264.0,20639.0,21092.0,21991.0,22844.0,24285.0,24722.0,24854.0,24838.0,24830.0,26060.0,27198.0,28465.0,30240.0,30496.0,31078.0,33019.0,33751.0
244,East of England,E07000241,Welwyn Hatfield,11756.0,12148.0,12349.0,13311.0,14030.0,14433.0,14613.0,14855.0,15010.0,15551.0,16169.0,16719.0,17429.0,17378.0,17550.0,18252.0,19118.0,19630.0,20701.0,20720.0,20950.0,22760.0,22895.0
245,East of England,E07000242,East Hertfordshire,14328.0,14718.0,15203.0,16459.0,17160.0,17481.0,17821.0,18343.0,19044.0,19835.0,20870.0,21363.0,21764.0,21726.0,21984.0,22832.0,24015.0,24767.0,26306.0,26428.0,26946.0,27694.0,28356.0
246,East of England,E07000243,Stevenage,8934.0,9245.0,9597.0,10195.0,10947.0,11533.0,11608.0,11866.0,12227.0,12885.0,13412.0,13604.0,14831.0,14830.0,14942.0,15620.0,16484.0,16985.0,18001.0,18269.0,18962.0,19642.0,20079.0
247,East of England,E06000055,Bedford,11413.0,11401.0,11907.0,12462.0,12490.0,13059.0,13237.0,13650.0,14325.0,14825.0,15390.0,15986.0,16421.0,16814.0,17095.0,17486.0,17947.0,18451.0,19712.0,20271.0,20912.0,21875.0,22321.0
248,East of England,E06000056,Central Bedfordshire,12114.0,12148.0,12745.0,13475.0,13647.0,14271.0,14417.0,14765.0,15419.0,15843.0,16337.0,16867.0,17215.0,17751.0,17832.0,18446.0,19238.0,19545.0,20543.0,20983.0,21392.0,22172.0,22419.0
249,East of England,E06000033,Southend-on-Sea,10637.0,10871.0,11535.0,12237.0,12920.0,13446.0,13774.0,13835.0,14173.0,14531.0,15036.0,15318.0,15783.0,16088.0,16253.0,16691.0,17294.0,17807.0,18857.0,19200.0,19662.0,20543.0,21187.0
250,East of England,E06000034,Thurrock,10129.0,10199.0,10507.0,10739.0,11170.0,11867.0,12298.0,12613.0,13007.0,13368.0,13976.0,14474.0,14788.0,15078.0,15191.0,15584.0,15977.0,16658.0,17405.0,17984.0,18387.0,19424.0,19951.0
251,East of England,E07000067,Braintree,10984.0,11182.0,12010.0,12562.0,13075.0,13614.0,13735.0,14253.0,14772.0,15062.0,15624.0,16246.0,16718.0,16755.0,17043.0,17660.0,18285.0,18734.0,19790.0,20291.0,20663.0,21655.0,22179.0
252,East of England,E07000071,Colchester,10402.0,10714.0,11494.0,12137.0,12764.0,13322.0,13553.0,14092.0,14528.0,14840.0,15356.0,15834.0,16547.0,16461.0,16773.0,17345.0,17886.0,18062.0,18840.0,19156.0,19525.0,20415.0,20570.0
253,East of England,E07000076,Tendring,8972.0,9029.0,9584.0,10077.0,10516.0,10926.0,11180.0,11623.0,12176.0,12555.0,13142.0,13781.0,14144.0,14244.0,14631.0,15124.0,15553.0,15847.0,16624.0,16918.0,17280.0,18060.0,18513.0
254,East of England,E07000072,Epping Forest,14835.0,15166.0,15807.0,16703.0,17173.0,17486.0,17794.0,18426.0,19428.0,19862.0,20836.0,21819.0,21506.0,21543.0,21986.0,22788.0,23386.0,24071.0,26770.0,26985.0,28037.0,30112.0,30550.0
255,East of England,E07000073,Harlow,8536.0,8484.0,9100.0,9360.0,9885.0,10355.0,10533.0,10938.0,11339.0,11688.0,11931.0,12364.0,13372.0,13354.0,13754.0,14388.0,14697.0,14826.0,16203.0,16799.0,17679.0,18693.0,19157.0
256,East of England,E07000077,Uttlesford,16188.0,16346.0,17121.0,18280.0,18716.0,18972.0,18939.0,19786.0,20699.0,20858.0,21454.0,22127.0,21995.0,21556.0,21902.0,22722.0,23042.0,23403.0,25707.0,25831.0,26687.0,28118.0,28090.0
257,East of England,E07000068,Brentwood,16208.0,16261.0,17320.0,18404.0,18916.0,19247.0,19621.0,20191.0,20929.0,21291.0,22018.0,22821.0,22832.0,22611.0,22772.0,23560.0,24074.0,24892.0,26483.0,27666.0,28294.0,30112.0,30517.0
258,East of England,E07000070,Chelmsford,12515.0,12582.0,13436.0,14011.0,14674.0,15006.0,15215.0,15496.0,15916.0,16386.0,17023.0,17603.0,18304.0,18183.0,18422.0,19035.0,19538.0,20257.0,21454.0,22311.0,22820.0,24011.0,24643.0
259,East of England,E07000074,Maldon,13409.0,13287.0,13801.0,14327.0,14587.0,15055.0,15224.0,15700.0,16299.0,16712.0,17208.0,18066.0,18310.0,18414.0,18820.0,19318.0,19807.0,20543.0,21761.0,22584.0,23207.0,23378.0,23427.0
260,East of England,E07000066,Basildon,11143.0,11293.0,12028.0,12504.0,13122.0,13597.0,13845.0,14280.0,14731.0,15144.0,15598.0,16152.0,16850.0,16873.0,17058.0,17638.0,17816.0,17972.0,18906.0,19466.0,19898.0,20929.0,21435.0
261,East of England,E07000069,Castle Point,11133.0,11214.0,11897.0,12458.0,13044.0,13508.0,13781.0,14200.0,14732.0,15069.0,15781.0,16406.0,16770.0,16851.0,17189.0,17661.0,18005.0,18405.0,19546.0,19952.0,20462.0,21392.0,22011.0
262,East of England,E07000075,Rochford,12388.0,12411.0,13002.0,13630.0,14233.0,14574.0,14898.0,15319.0,15861.0,16105.0,16776.0,17306.0,17545.0,17593.0,17886.0,18342.0,18751.0,19049.0,20247.0,20711.0,21128.0,22582.0,22986.0
265,West Midlands,E06000019,"Herefordshire, County of",10194.0,10622.0,10891.0,11484.0,12026.0,12489.0,12881.0,13514.0,13880.0,14661.0,14954.0,15547.0,15964.0,16456.0,16958.0,17299.0,17901.0,18108.0,19155.0,19332.0,19280.0,20109.0,20631.0
266,West Midlands,E07000234,Bromsgrove,13346.0,14156.0,14482.0,15201.0,15521.0,15835.0,15812.0,16600.0,17439.0,18274.0,18449.0,18931.0,18731.0,18716.0,19073.0,19603.0,20300.0,21114.0,22558.0,22867.0,22888.0,24041.0,23909.0
267,West Midlands,E07000235,Malvern Hills,12241.0,12916.0,13203.0,13740.0,14200.0,14819.0,14796.0,15481.0,16311.0,17141.0,17541.0,17902.0,17729.0,17711.0,17987.0,18328.0,19040.0,19765.0,21001.0,21414.0,21392.0,22657.0,23220.0
268,West Midlands,E07000236,Redditch,9531.0,10004.0,10485.0,10784.0,11224.0,11671.0,12035.0,12747.0,13132.0,13761.0,13634.0,13887.0,14768.0,14781.0,15055.0,15587.0,16375.0,16969.0,17943.0,18393.0,18939.0,20202.0,21187.0
269,West Midlands,E07000237,Worcester,9993.0,10374.0,10909.0,11115.0,11629.0,12182.0,12502.0,13186.0,13659.0,14448.0,14423.0,14702.0,15301.0,15219.0,15600.0,16077.0,16633.0,17037.0,18103.0,18453.0,18846.0,18966.0,19509.0
270,West Midlands,E07000238,Wychavon,12491.0,13110.0,13212.0,13872.0,14397.0,14687.0,14902.0,15657.0,16461.0,17211.0,17554.0,17971.0,17932.0,17925.0,18277.0,18686.0,19329.0,20144.0,21272.0,21579.0,21566.0,22838.0,23462.0
271,West Midlands,E07000239,Wyre Forest,9288.0,9744.0,10008.0,10235.0,10675.0,11132.0,11506.0,12086.0,12672.0,13312.0,13398.0,13792.0,14382.0,14409.0,14728.0,15223.0,15832.0,16293.0,17174.0,17531.0,17733.0,18644.0,19037.0
272,West Midlands,E07000218,North Warwickshire,9173.0,9387.0,9810.0,10397.0,10870.0,11273.0,11817.0,12265.0,12556.0,13110.0,13521.0,14108.0,14930.0,14971.0,15331.0,15831.0,16462.0,17033.0,18353.0,18952.0,19045.0,20046.0,20109.0
273,West Midlands,E07000219,Nuneaton and Bedworth,8467.0,8543.0,9024.0,9620.0,10081.0,10353.0,10898.0,11330.0,11499.0,12044.0,12351.0,12701.0,13527.0,13642.0,14047.0,14556.0,15107.0,15613.0,16676.0,17176.0,17409.0,18268.0,18636.0
274,West Midlands,E07000220,Rugby,11403.0,11720.0,12245.0,13183.0,13690.0,14159.0,14632.0,15191.0,15228.0,15762.0,16167.0,16652.0,16878.0,16887.0,17106.0,17733.0,18359.0,19052.0,20175.0,20939.0,21083.0,22180.0,22071.0
275,West Midlands,E07000221,Stratford-on-Avon,15106.0,15642.0,16294.0,17340.0,17762.0,18154.0,18540.0,19133.0,19734.0,20077.0,20898.0,21674.0,21204.0,21306.0,21598.0,22547.0,23142.0,24184.0,26247.0,27476.0,26882.0,28161.0,27934.0
276,West Midlands,E07000222,Warwick,12862.0,13374.0,13922.0,14944.0,15285.0,15650.0,15895.0,16208.0,16431.0,16969.0,17659.0,18351.0,18517.0,18734.0,19200.0,19868.0,20675.0,21656.0,23423.0,24510.0,24436.0,26132.0,27980.0
277,West Midlands,E06000020,Telford and Wrekin,10115.0,10263.0,10536.0,10446.0,10330.0,10771.0,11343.0,11877.0,11861.0,12375.0,12902.0,13095.0,13386.0,13676.0,14216.0,14718.0,15025.0,15409.0,16168.0,16486.0,16469.0,16940.0,17250.0
278,West Midlands,E06000051,Shropshire,10730.0,11270.0,11452.0,11893.0,12098.0,12517.0,12973.0,13517.0,13792.0,14536.0,14970.0,15801.0,16259.0,16310.0,16650.0,16951.0,17318.0,17755.0,18898.0,19180.0,19475.0,20359.0,20732.0
279,West Midlands,E06000021,Stoke-on-Trent,8283.0,8364.0,8974.0,9363.0,9398.0,9548.0,9850.0,10164.0,10737.0,10851.0,11437.0,11593.0,11819.0,12004.0,12378.0,12748.0,13209.0,13467.0,14010.0,14070.0,14274.0,15063.0,15455.0
280,West Midlands,E07000192,Cannock Chase,9137.0,9481.0,9906.0,10254.0,10853.0,11106.0,11405.0,11502.0,11886.0,12473.0,12806.0,13193.0,13763.0,13893.0,14108.0,14567.0,15126.0,15543.0,16420.0,16592.0,16990.0,17670.0,18096.0
281,West Midlands,E07000193,East Staffordshire,10493.0,10760.0,11313.0,11749.0,12303.0,12559.0,12767.0,12998.0,13333.0,13937.0,14385.0,14743.0,15123.0,15240.0,15380.0,15825.0,16461.0,16911.0,17864.0,17829.0,18256.0,19059.0,19763.0
282,West Midlands,E07000194,Lichfield,12458.0,12971.0,13467.0,14320.0,14910.0,15468.0,15786.0,15912.0,16467.0,17002.0,17663.0,18263.0,17851.0,18137.0,18147.0,18626.0,19215.0,19920.0,21089.0,21159.0,21444.0,22236.0,22974.0
283,West Midlands,E07000195,Newcastle-under-Lyme,8940.0,9179.0,9488.0,9900.0,10364.0,10623.0,11007.0,11155.0,11654.0,12246.0,12651.0,13246.0,13747.0,13905.0,14090.0,14570.0,15078.0,15412.0,16212.0,16116.0,16334.0,17231.0,17666.0
284,West Midlands,E07000196,South Staffordshire,11016.0,11570.0,11887.0,12555.0,13028.0,13621.0,13872.0,13991.0,14545.0,15150.0,15825.0,16381.0,16328.0,16512.0,16627.0,17118.0,17447.0,18017.0,19165.0,19197.0,19498.0,20258.0,20463.0
285,West Midlands,E07000197,Stafford,10838.0,11212.0,11695.0,12455.0,13073.0,13389.0,13813.0,13969.0,14402.0,14983.0,15481.0,16024.0,16043.0,16172.0,16386.0,16798.0,17403.0,17988.0,19103.0,19059.0,19309.0,20095.0,20473.0
286,West Midlands,E07000198,Staffordshire Moorlands,10194.0,10718.0,11055.0,11571.0,12041.0,12290.0,12619.0,13096.0,13579.0,14142.0,14705.0,15269.0,15217.0,15467.0,15615.0,15996.0,16528.0,17088.0,18195.0,18147.0,18388.0,19250.0,19411.0
287,West Midlands,E07000199,Tamworth,8785.0,9022.0,9551.0,9945.0,10599.0,10781.0,11235.0,11357.0,11635.0,12254.0,12492.0,12940.0,13637.0,13729.0,13971.0,14519.0,15164.0,15567.0,16365.0,16617.0,17206.0,17821.0,18446.0
288,West Midlands,E08000025,Birmingham,8823.0,9045.0,9413.0,10051.0,10367.0,10555.0,10713.0,11011.0,11050.0,11394.0,11659.0,11905.0,12132.0,12425.0,12552.0,12859.0,13148.0,13660.0,14199.0,14389.0,14430.0,14979.0,15368.0
289,West Midlands,E08000029,Solihull,12151.0,12465.0,13005.0,13961.0,15078.0,15536.0,15753.0,16113.0,16455.0,16666.0,17163.0,17393.0,17616.0,17798.0,18220.0,18840.0,19893.0,20580.0,22016.0,22172.0,22437.0,23342.0,23722.0
290,West Midlands,E08000026,Coventry,9027.0,9054.0,9481.0,10308.0,10695.0,11005.0,11027.0,11564.0,11485.0,11650.0,12293.0,12548.0,12889.0,13147.0,13331.0,13541.0,13831.0,14103.0,14451.0,14684.0,14823.0,15225.0,15350.0
291,West Midlands,E08000027,Dudley,9663.0,9896.0,10293.0,10822.0,10985.0,11111.0,11305.0,11790.0,11934.0,12262.0,12528.0,12669.0,13190.0,13539.0,13726.0,14272.0,14692.0,15114.0,15758.0,15929.0,15845.0,16424.0,16735.0
292,West Midlands,E08000028,Sandwell,8207.0,8404.0,8771.0,9283.0,9474.0,9663.0,9844.0,10190.0,10320.0,10509.0,10731.0,10908.0,11240.0,11463.0,11688.0,12044.0,12253.0,12793.0,13375.0,13582.0,13625.0,14066.0,14454.0
293,West Midlands,E08000030,Walsall,8870.0,9181.0,9516.0,9922.0,10071.0,10373.0,10468.0,10757.0,10817.0,10998.0,11293.0,11574.0,11953.0,12125.0,12343.0,12680.0,13150.0,13711.0,14217.0,14531.0,14895.0,15428.0,15694.0
294,West Midlands,E08000031,Wolverhampton,8946.0,9201.0,9640.0,10075.0,10340.0,10534.0,10655.0,10951.0,11065.0,11250.0,11618.0,11942.0,12238.0,12388.0,12530.0,12788.0,13126.0,13555.0,14052.0,14422.0,14622.0,15113.0,15500.0
297,East Midlands,E06000015,Derby,9294.0,9393.0,9849.0,9900.0,10370.0,10785.0,11012.0,11475.0,11447.0,12167.0,12494.0,12402.0,13026.0,12654.0,12693.0,13440.0,13886.0,14514.0,15068.0,15068.0,15561.0,16219.0,16793.0
298,East Midlands,E07000033,Bolsover,8090.0,8395.0,9010.0,9319.0,10008.0,10114.0,10357.0,10658.0,10985.0,11485.0,12136.0,12108.0,12414.0,12492.0,12782.0,13269.0,13550.0,13848.0,14691.0,14579.0,15057.0,16001.0,16062.0
299,East Midlands,E07000034,Chesterfield,8108.0,8379.0,9004.0,9411.0,10215.0,10513.0,10678.0,11091.0,11394.0,11934.0,12575.0,12508.0,12720.0,12842.0,13116.0,13674.0,13977.0,14274.0,15205.0,15026.0,15646.0,16444.0,16802.0
300,East Midlands,E07000038,North East Derbyshire,9500.0,9852.0,10449.0,10929.0,11663.0,12136.0,12369.0,12704.0,13242.0,13837.0,14626.0,14630.0,14623.0,14567.0,14952.0,15413.0,15767.0,16239.0,17409.0,17083.0,17487.0,18334.0,19094.0
301,East Midlands,E07000032,Amber Valley,8740.0,9022.0,9508.0,10020.0,10402.0,10755.0,11564.0,12130.0,12505.0,12963.0,13717.0,14000.0,14248.0,14367.0,14932.0,15503.0,16170.0,16435.0,17718.0,17685.0,17826.0,18535.0,18983.0
302,East Midlands,E07000035,Derbyshire Dales,13481.0,13857.0,14226.0,15126.0,15832.0,16384.0,17264.0,18298.0,19408.0,20026.0,21113.0,21418.0,20759.0,21041.0,21577.0,21974.0,23227.0,23848.0,25547.0,25443.0,25430.0,25311.0,25635.0
303,East Midlands,E07000036,Erewash,7861.0,8032.0,8637.0,8950.0,9312.0,9727.0,10581.0,11117.0,11534.0,11995.0,12597.0,12824.0,13278.0,13361.0,14040.0,14564.0,15245.0,15385.0,16412.0,16448.0,16717.0,17503.0,18301.0
304,East Midlands,E07000037,High Peak,9342.0,9584.0,10006.0,10568.0,11029.0,11453.0,12236.0,12878.0,13334.0,13769.0,14521.0,14909.0,14998.0,15012.0,15776.0,16267.0,16970.0,17303.0,18593.0,18569.0,18809.0,19767.0,19824.0
305,East Midlands,E07000039,South Derbyshire,10398.0,10557.0,11454.0,11936.0,12148.0,12511.0,13357.0,13725.0,14165.0,14495.0,15113.0,15315.0,15484.0,15503.0,16100.0,16694.0,17310.0,17583.0,18683.0,18632.0,18811.0,19617.0,20154.0
306,East Midlands,E06000018,Nottingham,8308.0,8534.0,8991.0,9388.0,9557.0,9760.0,9834.0,9725.0,9936.0,10128.0,10589.0,10804.0,10804.0,10809.0,10874.0,11180.0,11777.0,12081.0,12590.0,12658.0,12723.0,13021.0,13381.0
307,East Midlands,E07000170,Ashfield,8183.0,8550.0,9062.0,9548.0,9875.0,10169.0,10533.0,11060.0,11273.0,11572.0,12327.0,12626.0,13107.0,13110.0,13262.0,13681.0,13932.0,14403.0,15157.0,15223.0,15649.0,16370.0,16845.0
308,East Midlands,E07000171,Bassetlaw,9324.0,9637.0,10080.0,10710.0,10988.0,11423.0,11667.0,12427.0,12793.0,13025.0,13971.0,14296.0,14557.0,14457.0,14611.0,14966.0,15290.0,15832.0,16914.0,16854.0,17202.0,18130.0,18596.0
309,East Midlands,E07000174,Mansfield,8268.0,8653.0,9062.0,9611.0,10146.0,10492.0,10864.0,11493.0,11788.0,12004.0,12809.0,13083.0,13546.0,13495.0,13594.0,13999.0,14320.0,14812.0,15679.0,15627.0,16064.0,16834.0,17448.0
310,East Midlands,E07000175,Newark and Sherwood,10380.0,10873.0,11199.0,12041.0,12410.0,12970.0,13312.0,13926.0,14186.0,14374.0,15418.0,15798.0,15867.0,15726.0,15849.0,16219.0,16542.0,17111.0,18206.0,18079.0,18370.0,19265.0,20004.0
311,East Midlands,E07000172,Broxtowe,9654.0,9976.0,10513.0,10703.0,11425.0,11772.0,12356.0,12787.0,13109.0,13612.0,14486.0,14917.0,15311.0,15188.0,15358.0,16081.0,16613.0,17057.0,17587.0,17601.0,17887.0,18261.0,18570.0
312,East Midlands,E07000173,Gedling,9981.0,10214.0,10659.0,10946.0,11574.0,12002.0,12493.0,12960.0,13292.0,13876.0,14758.0,15152.0,15546.0,15459.0,15546.0,16273.0,16765.0,17295.0,17825.0,17746.0,18129.0,18717.0,19250.0
313,East Midlands,E07000176,Rushcliffe,13587.0,13866.0,14461.0,15022.0,15505.0,15800.0,16207.0,16787.0,17211.0,17664.0,18955.0,19434.0,19248.0,19152.0,19201.0,20158.0,20653.0,21288.0,22059.0,22083.0,22354.0,22745.0,23384.0
314,East Midlands,E06000016,Leicester,8375.0,8164.0,8636.0,9173.0,9472.0,9734.0,9917.0,10161.0,10130.0,10320.0,10816.0,10690.0,10944.0,11217.0,11308.0,11722.0,11977.0,12231.0,12706.0,12918.0,13210.0,13512.0,13802.0
315,East Midlands,E06000017,Rutland,14251.0,14621.0,14535.0,15418.0,15436.0,15677.0,16149.0,16941.0,17352.0,17889.0,18675.0,19067.0,18584.0,18785.0,19228.0,19991.0,20064.0,20757.0,22171.0,21776.0,22076.0,23381.0,24707.0
316,East Midlands,E07000129,Blaby,10001.0,10049.0,10591.0,10906.0,11288.0,11549.0,12200.0,12636.0,13035.0,13387.0,14053.0,14081.0,14765.0,14890.0,15389.0,15906.0,16303.0,16628.0,17343.0,17424.0,18222.0,18842.0,19145.0
317,East Midlands,E07000130,Charnwood,10146.0,10313.0,10694.0,11164.0,11586.0,12054.0,12683.0,13208.0,13591.0,13866.0,14589.0,14673.0,15013.0,15120.0,15469.0,15892.0,16155.0,16439.0,17150.0,17013.0,17665.0,18196.0,18275.0
318,East Midlands,E07000131,Harborough,15052.0,15257.0,15787.0,16620.0,16586.0,16912.0,17484.0,18011.0,18791.0,19091.0,20125.0,20193.0,19786.0,19998.0,20248.0,20659.0,20948.0,21923.0,23064.0,22783.0,23303.0,24369.0,24246.0
319,East Midlands,E07000132,Hinckley and Bosworth,10540.0,10699.0,11174.0,11690.0,12188.0,12507.0,13077.0,13536.0,14089.0,14451.0,15204.0,15327.0,15831.0,15941.0,16324.0,16777.0,17175.0,17593.0,18396.0,18197.0,19043.0,19463.0,19841.0
320,East Midlands,E07000133,Melton,11501.0,11745.0,12068.0,12565.0,12792.0,13352.0,13793.0,14411.0,14903.0,15376.0,16167.0,16239.0,16507.0,16557.0,16965.0,17491.0,17788.0,18379.0,19381.0,19495.0,20180.0,21058.0,21473.0
321,East Midlands,E07000134,North West Leicestershire,10799.0,10948.0,11448.0,11945.0,12291.0,12591.0,13140.0,13606.0,13976.0,14295.0,15012.0,15117.0,15376.0,15661.0,16018.0,16466.0,17010.0,17341.0,18072.0,17923.0,18650.0,19380.0,19644.0
322,East Midlands,E07000135,Oadby and Wigston,9438.0,9731.0,10023.0,10348.0,10652.0,11015.0,11647.0,12075.0,12548.0,12819.0,13581.0,13736.0,14320.0,14660.0,14946.0,15370.0,15670.0,16193.0,17104.0,17157.0,17708.0,18195.0,18629.0
323,East Midlands,E06000062,West Northamptonshire,10928.0,11019.0,11468.0,12346.0,12713.0,12838.0,13196.0,13650.0,14247.0,14853.0,16022.0,16067.0,15938.0,16072.0,17103.0,17832.0,18287.0,18874.0,20011.0,20146.0,20683.0,21748.0,22227.0
324,East Midlands,E06000061,North Northamptonshire,10253.0,10389.0,10771.0,11413.0,11731.0,11909.0,12413.0,12902.0,13557.0,14131.0,15132.0,15397.0,15415.0,15369.0,15745.0,16375.0,16952.0,17439.0,18513.0,18427.0,18767.0,19190.0,19666.0
325,East Midlands,E07000136,Boston,9427.0,9605.0,10122.0,10506.0,11042.0,11439.0,11883.0,12263.0,12722.0,12865.0,13472.0,13631.0,14052.0,14214.0,14727.0,15276.0,15449.0,15760.0,16324.0,16308.0,16778.0,17611.0,17826.0
326,East Midlands,E07000137,East Lindsey,8958.0,9174.0,9402.0,9718.0,9944.0,10135.0,10601.0,11089.0,11580.0,11881.0,12583.0,12942.0,13239.0,13579.0,14021.0,14428.0,14743.0,15210.0,15756.0,15764.0,16111.0,16640.0,17178.0
327,East Midlands,E07000138,Lincoln,8289.0,8528.0,8883.0,9222.0,9607.0,10170.0,10594.0,10886.0,11329.0,11650.0,12324.0,12598.0,13360.0,13497.0,13946.0,14399.0,14604.0,14899.0,15407.0,15518.0,15936.0,16402.0,16874.0
328,East Midlands,E07000139,North Kesteven,11563.0,11793.0,11998.0,12424.0,12699.0,12846.0,13355.0,13766.0,14413.0,14619.0,15459.0,15810.0,15873.0,16109.0,16501.0,16956.0,17277.0,17777.0,18411.0,18392.0,18745.0,19512.0,19912.0
329,East Midlands,E07000140,South Holland,10514.0,10689.0,11139.0,11792.0,12094.0,12314.0,12738.0,12987.0,13544.0,13726.0,14459.0,14633.0,14865.0,15144.0,15515.0,16114.0,16398.0,16783.0,17328.0,17346.0,17805.0,18403.0,18459.0
330,East Midlands,E07000141,South Kesteven,10873.0,11089.0,11573.0,12135.0,12555.0,12830.0,13437.0,14015.0,14688.0,14884.0,15864.0,16346.0,16381.0,16727.0,17096.0,17559.0,17840.0,18372.0,19006.0,19018.0,19497.0,20407.0,21522.0
331,East Midlands,E07000142,West Lindsey,10698.0,10899.0,11189.0,11694.0,11902.0,12129.0,12571.0,13231.0,13740.0,13956.0,14779.0,15156.0,15336.0,15651.0,16076.0,16327.0,16754.0,17238.0,17663.0,17633.0,18095.0,18688.0,18709.0
334,Yorkshire and The Humber,E06000010,"Kingston upon Hull, City of",7417.0,7669.0,8210.0,8984.0,9444.0,9728.0,9761.0,9942.0,10201.0,10276.0,10651.0,10951.0,11428.0,11539.0,11920.0,12244.0,12406.0,12832.0,13237.0,13441.0,13791.0,14436.0,14908.0
335,Yorkshire and The Humber,E06000011,East Riding of Yorkshire,10728.0,10864.0,11782.0,12087.0,12027.0,12526.0,13014.0,13635.0,14205.0,14795.0,15214.0,15406.0,15803.0,16036.0,16424.0,16747.0,16983.0,17356.0,18492.0,18537.0,19081.0,20085.0,20516.0
336,Yorkshire and The Humber,E06000012,North East Lincolnshire,8708.0,8966.0,9291.0,9593.0,9938.0,10206.0,10589.0,11003.0,11262.0,11747.0,12528.0,12573.0,12775.0,12929.0,13493.0,13849.0,13956.0,14272.0,14810.0,15092.0,15583.0,16330.0,16569.0
337,Yorkshire and The Humber,E06000013,North Lincolnshire,9842.0,10147.0,10423.0,10855.0,11235.0,11529.0,12000.0,12353.0,12593.0,12899.0,13579.0,13570.0,13545.0,13624.0,14178.0,14544.0,14701.0,14955.0,15516.0,15700.0,16219.0,16804.0,17218.0
338,Yorkshire and The Humber,E06000014,York,10502.0,11136.0,11972.0,12396.0,12887.0,13453.0,13407.0,13090.0,13393.0,14066.0,14894.0,14975.0,15498.0,15636.0,15835.0,16540.0,16865.0,17504.0,18290.0,18314.0,18744.0,19765.0,20216.0
339,Yorkshire and The Humber,E07000163,Craven,11406.0,12008.0,12101.0,12273.0,12607.0,13391.0,13749.0,14120.0,14968.0,15977.0,16391.0,16824.0,17709.0,17692.0,18103.0,18865.0,19123.0,19315.0,20542.0,20524.0,21074.0,21855.0,22181.0
340,Yorkshire and The Humber,E07000164,Hambleton,12387.0,13020.0,13185.0,13365.0,14086.0,14549.0,14908.0,15601.0,16462.0,17338.0,17835.0,18297.0,18782.0,18741.0,19157.0,19891.0,20252.0,20580.0,21849.0,21873.0,22384.0,23005.0,23487.0
341,Yorkshire and The Humber,E07000165,Harrogate,13555.0,14483.0,14654.0,14923.0,15169.0,16028.0,16448.0,16863.0,17869.0,18785.0,19667.0,20125.0,20418.0,20368.0,20684.0,21328.0,21854.0,22199.0,23852.0,23931.0,24481.0,26009.0,26868.0
342,Yorkshire and The Humber,E07000166,Richmondshire,11301.0,11640.0,12062.0,11953.0,12092.0,12544.0,12811.0,13315.0,13839.0,14648.0,15032.0,15320.0,16176.0,16192.0,16351.0,16976.0,17351.0,17674.0,18880.0,18619.0,19133.0,20534.0,21033.0
343,Yorkshire and The Humber,E07000167,Ryedale,11827.0,12222.0,12435.0,12663.0,12955.0,13583.0,14014.0,14482.0,15322.0,16282.0,16839.0,17292.0,17794.0,17887.0,18386.0,18967.0,19379.0,19462.0,20684.0,20716.0,21034.0,21852.0,22044.0
344,Yorkshire and The Humber,E07000168,Scarborough,9025.0,9545.0,9709.0,9859.0,10257.0,10611.0,10937.0,11495.0,12159.0,12931.0,13313.0,13683.0,14596.0,14530.0,15048.0,15661.0,15970.0,16114.0,17111.0,17183.0,17698.0,18609.0,19116.0
345,Yorkshire and The Humber,E07000169,Selby,11095.0,11608.0,11929.0,11997.0,12473.0,13077.0,13587.0,13896.0,14776.0,15578.0,15825.0,16021.0,17150.0,16746.0,17215.0,17936.0,18272.0,18208.0,19281.0,19444.0,20015.0,21125.0,21994.0
346,Yorkshire and The Humber,E08000016,Barnsley,8849.0,9029.0,9580.0,10191.0,10526.0,10741.0,11135.0,11469.0,11845.0,12201.0,12724.0,12785.0,13079.0,13298.0,13752.0,14190.0,14569.0,15075.0,15534.0,15594.0,16105.0,16684.0,17093.0
347,Yorkshire and The Humber,E08000017,Doncaster,8706.0,8994.0,9538.0,10140.0,10434.0,10686.0,11087.0,11389.0,11729.0,12059.0,12568.0,12652.0,12892.0,13163.0,13562.0,14045.0,14478.0,15036.0,15588.0,15666.0,16110.0,16701.0,17001.0
348,Yorkshire and The Humber,E08000018,Rotherham,8684.0,8853.0,9435.0,10081.0,10416.0,10664.0,10999.0,11204.0,11626.0,12036.0,12590.0,12665.0,13002.0,13292.0,13674.0,14208.0,14707.0,15147.0,15722.0,15809.0,16264.0,16798.0,16985.0
349,Yorkshire and The Humber,E08000019,Sheffield,9325.0,9469.0,9974.0,10462.0,11001.0,11304.0,11527.0,12120.0,12175.0,12356.0,12657.0,12968.0,13403.0,13325.0,13401.0,13753.0,14006.0,14531.0,15018.0,14961.0,15131.0,15791.0,16131.0
350,Yorkshire and The Humber,E08000032,Bradford,9301.0,9424.0,9913.0,10558.0,10474.0,10692.0,10831.0,11274.0,11378.0,11615.0,12065.0,12236.0,12447.0,12431.0,12584.0,12950.0,13423.0,13833.0,14491.0,14474.0,14664.0,15020.0,15308.0
351,Yorkshire and The Humber,E08000035,Leeds,10159.0,10324.0,10812.0,11629.0,11923.0,12199.0,12479.0,12663.0,12935.0,13331.0,14024.0,14277.0,14495.0,14664.0,15033.0,15329.0,15790.0,16109.0,16857.0,16980.0,17328.0,18195.0,18634.0
352,Yorkshire and The Humber,E08000033,Calderdale,9719.0,9960.0,10385.0,11013.0,11282.0,11520.0,11951.0,12470.0,12880.0,13208.0,13836.0,13948.0,14066.0,14271.0,14501.0,14992.0,15491.0,15938.0,16779.0,16644.0,16896.0,17769.0,17882.0
353,Yorkshire and The Humber,E08000034,Kirklees,9385.0,9624.0,10070.0,10676.0,10890.0,11121.0,11525.0,11935.0,12230.0,12564.0,13144.0,13210.0,13477.0,13583.0,13826.0,14326.0,14764.0,15099.0,15869.0,15772.0,16080.0,16743.0,17288.0
354,Yorkshire and The Humber,E08000036,Wakefield,9317.0,9571.0,9987.0,10625.0,10902.0,11286.0,11738.0,12219.0,12623.0,12992.0,13685.0,13704.0,13911.0,14160.0,14150.0,14574.0,14987.0,15313.0,16093.0,16223.0,16770.0,17260.0,17329.0
357,North West,E07000026,Allerdale,9790.0,10154.0,10465.0,11286.0,11826.0,11668.0,12209.0,12834.0,13301.0,13817.0,14687.0,14874.0,15144.0,15614.0,15757.0,16643.0,16906.0,17316.0,18084.0,18129.0,18448.0,18661.0,18968.0
358,North West,E07000027,Barrow-in-Furness,7929.0,8296.0,8466.0,9025.0,9544.0,9740.0,10091.0,10572.0,10856.0,11482.0,12286.0,12571.0,13229.0,13608.0,13911.0,14786.0,15120.0,15493.0,16348.0,16606.0,16926.0,17451.0,17990.0
359,North West,E07000029,Copeland,9080.0,9433.0,9770.0,10444.0,10966.0,10976.0,11411.0,12080.0,12311.0,12876.0,13733.0,13965.0,14455.0,14942.0,15193.0,16018.0,16338.0,16750.0,17695.0,17891.0,18224.0,18716.0,18788.0
360,North West,E07000028,Carlisle,8962.0,9304.0,9767.0,9954.0,10676.0,10987.0,11532.0,11774.0,12270.0,12738.0,12877.0,13017.0,14359.0,14743.0,14804.0,15463.0,16282.0,16530.0,17193.0,17234.0,17698.0,18311.0,19110.0
361,North West,E07000030,Eden,11395.0,11819.0,12041.0,12229.0,12873.0,13403.0,14093.0,14750.0,15333.0,15768.0,16082.0,16380.0,16937.0,17477.0,17467.0,17988.0,18777.0,19244.0,20174.0,20109.0,20380.0,21782.0,22097.0
362,North West,E07000031,South Lakeland,12595.0,13062.0,13389.0,13759.0,14757.0,15245.0,15909.0,16578.0,17206.0,17672.0,18427.0,18916.0,19115.0,19783.0,19780.0,20635.0,21120.0,21860.0,22817.0,22807.0,23108.0,23443.0,23990.0
363,North West,E08000003,Manchester,7153.0,7450.0,8122.0,8553.0,8885.0,9310.0,9381.0,9636.0,10064.0,10355.0,10686.0,10892.0,11363.0,11466.0,11699.0,11996.0,12424.0,12724.0,13444.0,13549.0,14170.0,14930.0,15322.0
364,North West,E08000006,Salford,10009.0,10202.0,10759.0,11284.0,11418.0,11698.0,12043.0,12459.0,12881.0,13244.0,13616.0,13773.0,14236.0,14214.0,14367.0,14809.0,15044.0,15255.0,16364.0,16369.0,16561.0,17377.0,17524.0
365,North West,E08000009,Trafford,13982.0,13981.0,14771.0,15760.0,16068.0,16486.0,16637.0,17093.0,17567.0,17944.0,18612.0,18820.0,18707.0,18790.0,19051.0,19549.0,19939.0,20387.0,22129.0,22175.0,22399.0,23248.0,24060.0
366,North West,E08000007,Stockport,11078.0,11142.0,11889.0,12708.0,12884.0,13277.0,13708.0,13930.0,14401.0,14910.0,15592.0,15864.0,16272.0,16595.0,16911.0,17420.0,17883.0,18572.0,19560.0,20031.0,20299.0,21246.0,21606.0
367,North West,E08000008,Tameside,8308.0,8442.0,9169.0,9614.0,9775.0,10022.0,10323.0,10517.0,11019.0,11479.0,11835.0,11992.0,12759.0,12996.0,13284.0,13777.0,14154.0,14525.0,15273.0,15534.0,15972.0,16603.0,17185.0
368,North West,E08000001,Bolton,9893.0,9928.0,10491.0,11074.0,11315.0,11550.0,11710.0,12210.0,12583.0,12971.0,13494.0,13567.0,13780.0,13937.0,14035.0,14515.0,14837.0,15078.0,15373.0,15280.0,15746.0,16378.0,16533.0
369,North West,E08000010,Wigan,10006.0,10094.0,10672.0,11256.0,11602.0,11807.0,12131.0,12480.0,12776.0,13241.0,13723.0,13827.0,14134.0,14295.0,14488.0,15048.0,15421.0,15616.0,15904.0,15788.0,16391.0,16810.0,17239.0
370,North West,E08000002,Bury,10404.0,10521.0,11078.0,11820.0,12183.0,12495.0,12646.0,13181.0,13601.0,13957.0,14507.0,14718.0,14890.0,14949.0,15089.0,15647.0,16178.0,16758.0,17629.0,17638.0,17802.0,18622.0,19142.0
371,North West,E08000004,Oldham,8457.0,8609.0,9161.0,9621.0,9906.0,10159.0,10319.0,10709.0,11013.0,11521.0,11942.0,12099.0,12469.0,12678.0,12814.0,13368.0,13800.0,14150.0,14652.0,14618.0,14790.0,15261.0,15885.0
372,North West,E08000005,Rochdale,8576.0,8653.0,9286.0,9763.0,10045.0,10249.0,10366.0,10792.0,11096.0,11480.0,11993.0,12073.0,12522.0,12673.0,12877.0,13549.0,14010.0,14373.0,14944.0,14863.0,15006.0,15821.0,16143.0
373,North West,E06000008,Blackburn with Darwen,8451.0,8473.0,8987.0,9097.0,9317.0,9275.0,9631.0,9893.0,10443.0,10760.0,10966.0,10936.0,11139.0,11554.0,11547.0,11717.0,11840.0,12269.0,12662.0,12777.0,13297.0,14077.0,14484.0
374,North West,E06000009,Blackpool,9569.0,9686.0,9862.0,10694.0,10813.0,10956.0,10759.0,10929.0,11123.0,11350.0,11908.0,12185.0,12689.0,12945.0,13425.0,13520.0,13801.0,14197.0,14822.0,15163.0,15572.0,15931.0,16276.0
375,North West,E07000121,Lancaster,8759.0,9001.0,9353.0,10034.0,10476.0,10903.0,11249.0,11679.0,12068.0,12478.0,13046.0,13425.0,14238.0,14337.0,14524.0,14858.0,15307.0,15666.0,16178.0,16268.0,16842.0,17267.0,17433.0
376,North West,E07000128,Wyre,9777.0,9902.0,10318.0,10955.0,11318.0,11701.0,12008.0,12390.0,12891.0,13257.0,13827.0,14191.0,14792.0,14944.0,15212.0,15534.0,15916.0,16316.0,16781.0,16894.0,17483.0,18196.0,18459.0
377,North West,E07000119,Fylde,12160.0,12173.0,12670.0,13766.0,14056.0,14454.0,14937.0,15507.0,16005.0,16622.0,17296.0,17768.0,17842.0,17998.0,17934.0,18316.0,18466.0,19124.0,20247.0,20382.0,20584.0,21185.0,21603.0
378,North West,E07000123,Preston,8880.0,9009.0,9318.0,9800.0,10368.0,10485.0,10720.0,10974.0,11481.0,11815.0,12162.0,12439.0,13547.0,13517.0,13709.0,14193.0,14430.0,14714.0,15441.0,15738.0,16184.0,16972.0,17133.0
379,North West,E07000124,Ribble Valley,14159.0,14349.0,14652.0,15610.0,16035.0,16309.0,16855.0,17576.0,18207.0,18605.0,19590.0,20054.0,19802.0,20026.0,20458.0,20444.0,20716.0,21613.0,22803.0,22952.0,23211.0,23952.0,24493.0
380,North West,E07000126,South Ribble,10583.0,10726.0,11118.0,11711.0,12254.0,12554.0,12929.0,13420.0,13859.0,14276.0,14805.0,15043.0,15729.0,15805.0,16105.0,16446.0,16827.0,17270.0,18136.0,18411.0,18788.0,19153.0,19528.0
381,North West,E07000117,Burnley,7487.0,7617.0,8019.0,8449.0,8765.0,8838.0,9181.0,9497.0,10048.0,10549.0,11176.0,11633.0,12203.0,12314.0,12577.0,12857.0,13240.0,13414.0,13924.0,14276.0,14537.0,14958.0,15409.0
382,North West,E07000120,Hyndburn,7715.0,7797.0,8226.0,8671.0,8999.0,9274.0,9368.0,9916.0,10496.0,10781.0,11337.0,11816.0,12351.0,12481.0,12780.0,13131.0,13576.0,13575.0,14290.0,14641.0,14890.0,15260.0,15704.0
383,North West,E07000122,Pendle,8701.0,8763.0,9082.0,9650.0,9954.0,10152.0,10523.0,10935.0,11573.0,11976.0,12687.0,13166.0,13407.0,13570.0,13740.0,13972.0,14338.0,14618.0,15280.0,15526.0,15702.0,15910.0,15985.0
384,North West,E07000125,Rossendale,9621.0,9835.0,10147.0,10825.0,11172.0,11508.0,11992.0,12576.0,13188.0,13366.0,14035.0,14450.0,14791.0,14848.0,15134.0,15217.0,15784.0,15950.0,16765.0,16952.0,17104.0,17609.0,18078.0
385,North West,E07000118,Chorley,10697.0,10806.0,11197.0,11913.0,12328.0,12727.0,13067.0,13496.0,14043.0,14449.0,14999.0,15421.0,15995.0,16084.0,16465.0,16819.0,17019.0,17489.0,18716.0,18451.0,18760.0,19238.0,19463.0
386,North West,E07000127,West Lancashire,10059.0,10051.0,10630.0,11436.0,11833.0,12122.0,12515.0,12999.0,13516.0,13932.0,14592.0,14974.0,15558.0,15609.0,16105.0,16552.0,16850.0,17388.0,18616.0,18526.0,18737.0,19602.0,20004.0
387,North West,E06000007,Warrington,10409.0,10603.0,11132.0,12110.0,12628.0,12871.0,13197.0,13974.0,14281.0,14771.0,15548.0,15608.0,15774.0,15975.0,16346.0,17183.0,17369.0,17976.0,19346.0,19148.0,19582.0,20590.0,20946.0
388,North West,E06000049,Cheshire East,12124.0,12316.0,12974.0,13507.0,13704.0,14601.0,15315.0,15798.0,16373.0,16853.0,17439.0,17774.0,18317.0,18368.0,18588.0,19254.0,20333.0,21053.0,22717.0,22707.0,23447.0,24845.0,25486.0
389,North West,E06000050,Cheshire West and Chester,11091.0,11210.0,11882.0,12379.0,12600.0,13357.0,14140.0,14821.0,15350.0,15733.0,16358.0,16835.0,17365.0,17417.0,17495.0,18287.0,18788.0,19281.0,20125.0,20247.0,20993.0,21864.0,22301.0
390,North West,E06000006,Halton,8902.0,9026.0,9531.0,10373.0,10819.0,11115.0,11491.0,11857.0,12347.0,12637.0,13308.0,13563.0,14059.0,14114.0,14298.0,14698.0,15109.0,15371.0,16129.0,16456.0,16921.0,17480.0,17907.0
391,North West,E08000011,Knowsley,7587.0,7739.0,8262.0,9001.0,9421.0,9678.0,10035.0,10475.0,10932.0,11311.0,11911.0,12252.0,12769.0,12957.0,13231.0,13683.0,14000.0,14236.0,14908.0,15158.0,15727.0,16365.0,16627.0
392,North West,E08000013,St. Helens,8376.0,8496.0,8980.0,9628.0,10088.0,10354.0,10643.0,11198.0,11734.0,12126.0,12861.0,13121.0,13507.0,13720.0,13864.0,14276.0,14598.0,14927.0,15619.0,15929.0,16309.0,16861.0,17325.0
393,North West,E08000012,Liverpool,8444.0,8494.0,9066.0,9547.0,9996.0,10225.0,10543.0,10912.0,11135.0,11665.0,12067.0,12065.0,12611.0,12818.0,13011.0,13419.0,13836.0,14261.0,14814.0,14730.0,14928.0,15373.0,15673.0
394,North West,E08000014,Sefton,11406.0,11648.0,11983.0,12005.0,11782.0,12269.0,12635.0,13049.0,13644.0,13893.0,14347.0,14681.0,15522.0,15748.0,15883.0,16531.0,17101.0,17163.0,18012.0,18158.0,18525.0,18969.0,19325.0
395,North West,E08000015,Wirral,10274.0,10531.0,11076.0,11780.0,12115.0,12665.0,13082.0,13314.0,13505.0,13728.0,14485.0,14856.0,15426.0,15604.0,15706.0,16277.0,16764.0,17141.0,17703.0,17777.0,17936.0,18699.0,19175.0
